1,Dhaka,Dhaka,Demra,Demra,1360
2,Dhaka,Dhaka,Demra,Sarulia,1361
3,Dhaka,Dhaka,Demra,Matuail,1362
4,Dhaka,Dhaka,Dhaka GPO,Dhaka GPO,1000
5,Dhaka,Dhaka,Dhaka Main PO,Dhaka Main PO,1100
6,Dhaka,Dhaka,Dhaka Sadar,Wari TSO,1203
7,Dhaka,Dhaka,Dhaka Sadar,Gendaria TSO,1204
8,Dhaka,Dhaka,Dhaka Sadar,New Market TSO,1205
9,Dhaka,Dhaka,Dhaka Sadar,Dhaka CantonmentTSO,1206
10,Dhaka,Dhaka,Dhaka Sadar,Mohammadpur Housing,1207
11,Dhaka,Dhaka,Dhaka Sadar,Dhaka Politechnic,1208
12,Dhaka,Dhaka,Dhaka Sadar,Jigatala TSO,1209
13,Dhaka,Dhaka,Dhaka Sadar,Posta TSO,1211
14,Dhaka,Dhaka,Dhaka Sadar,Gulshan Model Town,1212
15,Dhaka,Dhaka,Dhaka Sadar,Banani TSO,1213
16,Dhaka,Dhaka,Dhaka Sadar,Basabo TSO,1214
17,Dhaka,Dhaka,Dhaka Sadar,Tejgaon TSO,1215
18,Dhaka,Dhaka,Dhaka Sadar,Shantinagr TSO,1217
19,Dhaka,Dhaka,Dhaka Sadar,Mirpur TSO,1218
20,Dhaka,Dhaka,Dhaka Sadar,KhilgaonTSO,1219
21,Dhaka,Dhaka,Dhaka Sadar,BangabhabanTSO,1222
22,Dhaka,Dhaka,Dhaka Sadar,DilkushaTSO,1223
23,Dhaka,Dhaka,Dhaka Sadar,Sangsad BhabanTSO,1225
24,Dhaka,Dhaka,Dhaka Sadar,KhilkhetTSO,1229
25,Dhaka,Dhaka,Dhaka Sadar,Uttara Model TwonTSO,1231
26,Dhaka,Dhaka,Dhaka Sadar,Dhania TSO,1232
27,Dhaka,Dhaka,Dhamrai,Dhamrai,1350
28,Dhaka,Dhaka,Dhamrai,Kamalpur,1351
29,Dhaka,Dhaka,Joypara,Joypara,1330
30,Dhaka,Dhaka,Joypara,Palamganj,1331
31,Dhaka,Dhaka,Joypara,Narisha,1332
32,Dhaka,Dhaka,Keraniganj,Keraniganj,1310
33,Dhaka,Dhaka,Keraniganj,Dhaka Jute Mills,1311
34,Dhaka,Dhaka,Keraniganj,Ati,1312
35,Dhaka,Dhaka,Keraniganj,Kalatia,1313
36,Dhaka,Dhaka,Nawabganj,Nawabganj,1320
37,Dhaka,Dhaka,Nawabganj,Hasnabad,1321
38,Dhaka,Dhaka,Nawabganj,Daudpur,1322
39,Dhaka,Dhaka,Nawabganj,Agla,1323
40,Dhaka,Dhaka,Nawabganj,Khalpar,1324
41,Dhaka,Dhaka,Nawabganj,Churain,1325
42,Dhaka,Dhaka,Savar,Savar,1340
43,Dhaka,Dhaka,Savar,Dairy Farm,1341
44,Dhaka,Dhaka,Savar,Jahangirnagar Univer,1342
45,Dhaka,Dhaka,Savar,Saver P.A.T.C,1343
46,Dhaka,Dhaka,Savar,Savar Canttonment,1344
47,Dhaka,Dhaka,Savar,Shimulia,1345
48,Dhaka,Dhaka,Savar,Kashem Cotton Mills,1346
49,Dhaka,Dhaka,Savar,Rajphulbaria,1347
50,Dhaka,Dhaka,Savar,Amin Bazar,1348
51,Dhaka,Dhaka,Savar,EPZ,1349
52,Dhaka,Mymensingh,Bhaluka,Bhaluka,2240
53,Dhaka,Mymensingh,Fulbaria,Fulbaria,2216
54,Dhaka,Mymensingh,Gaforgaon,Gaforgaon,2230
55,Dhaka,Mymensingh,Gaforgaon,Shibganj,2231
56,Dhaka,Mymensingh,Gaforgaon,Usti,2232
57,Dhaka,Mymensingh,Gaforgaon,Kandipara,2233
58,Dhaka,Mymensingh,Gaforgaon,Duttarbazar,2234
59,Dhaka,Mymensingh,Gouripur,Gouripur,2270
60,Dhaka,Mymensingh,Gouripur,Ramgopalpur,2271
61,Dhaka,Mymensingh,Haluaghat,Haluaghat,2260
62,Dhaka,Mymensingh,Haluaghat,Dhara,2261
63,Dhaka,Mymensingh,Haluaghat,Munshirhat,2262
64,Dhaka,Mymensingh,Isshwargonj,Isshwargonj,2280
65,Dhaka,Mymensingh,Isshwargonj,Sohagi,2281
66,Dhaka,Mymensingh,Isshwargonj,Atharabari,2282
67,Dhaka,Mymensingh,Muktagachha,Muktagachha,2210
68,Dhaka,Mymensingh,Mymensingh Sadar,Mymensingh Sadar,2200
69,Dhaka,Mymensingh,Mymensingh Sadar,Kawatkhali,2201
70,Dhaka,Mymensingh,Mymensingh Sadar,Agriculture Universi,2202
71,Dhaka,Mymensingh,Mymensingh Sadar,Shombhuganj,2203
72,Dhaka,Mymensingh,Mymensingh Sadar,Biddyaganj,2204
73,Dhaka,Mymensingh,Mymensingh Sadar,Pearpur,2205
74,Dhaka,Mymensingh,Nandail,Nandail,2290
75,Dhaka,Mymensingh,Nandail,Gangail,2291
76,Dhaka,Mymensingh,Phulpur,Phulpur,2250
77,Dhaka,Mymensingh,Phulpur,Beltia,2251
78,Dhaka,Mymensingh,Phulpur,Tarakanda,2252
79,Dhaka,Mymensingh,Trishal,Trishal,2220
80,Dhaka,Mymensingh,Trishal,Ahmadbad,2221
81,Dhaka,Mymensingh,Trishal,Ram Amritaganj,2222
82,Dhaka,Mymensingh,Trishal,Dhala,2223
83,Dhaka,Kishoreganj,Bajitpur,Bajitpur,2336
84,Dhaka,Kishoreganj,Bajitpur,Sararchar,2337
85,Dhaka,Kishoreganj,Bajitpur,Laksmipur,2338
86,Dhaka,Kishoreganj,Bhairob,Bhairab,2350
87,Dhaka,Kishoreganj,Hossenpur,Hossenpur,2320
88,Dhaka,Kishoreganj,Itna,Itna,2390
89,Dhaka,Kishoreganj,Karimganj,Karimganj,2310
90,Dhaka,Kishoreganj,Katiadi,Katiadi,2330
91,Dhaka,Kishoreganj,Katiadi,Gochhihata,2331
92,Dhaka,Kishoreganj,Kishoreganj Sadar,Kishoreganj Sadar,2300
93,Dhaka,Kishoreganj,Kishoreganj Sadar,Kishoreganj S.Mills,2301
94,Dhaka,Kishoreganj,Kishoreganj Sadar,Maizhati,2302
95,Dhaka,Kishoreganj,Kishoreganj Sadar,Nilganj,2303
96,Dhaka,Kishoreganj,Kuliarchar,Kuliarchar,2340
97,Dhaka,Kishoreganj,Kuliarchar,Chhoysuti,2341
98,Dhaka,Kishoreganj,Mithamoin,MIthamoin,2370
99,Dhaka,Kishoreganj,Mithamoin,Abdullahpur,2371
100,Dhaka,Kishoreganj,Nikli,Nikli,2360
101,Dhaka,Kishoreganj,Ostagram,Ostagram,2380
102,Dhaka,Kishoreganj,Pakundia,Pakundia,2326
103,Dhaka,Kishoreganj,Tarial,Tarial,2316
104,Dhaka,Netrakona,Susung Durgapur,IBH WAs Here,2420
105,Dhaka,Netrakona,Susung Durgapur,Susnng Durgapur,2420
106,Dhaka,Netrakona,Atpara,Atpara,2470
107,Dhaka,Netrakona,Barhatta,Barhatta,2440
108,Dhaka,Netrakona,Dharmapasha,Dharampasha,2450
109,Dhaka,Netrakona,Dhobaura,Dhobaura,2416
110,Dhaka,Netrakona,Dhobaura,Sakoai,2417
111,Dhaka,Netrakona,Kalmakanda,Kalmakanda,2430
112,Dhaka,Netrakona,Kendua,Kendua,2480
113,Dhaka,Netrakona,Khaliajuri,Khaliajhri,2460
114,Dhaka,Netrakona,Khaliajuri,Shaldigha,2462
115,Dhaka,Netrakona,Madan,Madan,2490
116,Dhaka,Netrakona,Moddhynagar,Moddoynagar,2456
117,Dhaka,Netrakona,Mohanganj,Mohanganj,2446
118,Dhaka,Netrakona,Netrakona Sadar,Netrakona Sadar,2400
119,Dhaka,Netrakona,Netrakona Sadar,Baikherhati,2401
120,Dhaka,Netrakona,Purbadhola,Purbadhola,2410
121,Dhaka,Netrakona,Purbadhola,Shamgonj,2411
122,Dhaka,Netrakona,Purbadhola,Jaria Jhanjhail,2412
123,Dhaka,Narayanganj,Araihazar,Araihazar,1450
124,Dhaka,Narayanganj,Araihazar,Gopaldi,1451
125,Dhaka,Narayanganj,Baidder Bazar,Baidder Bazar,1440
126,Dhaka,Narayanganj,Baidder Bazar,Bara Nagar,1441
127,Dhaka,Narayanganj,Baidder Bazar,Barodi,1442
128,Dhaka,Narayanganj,Bandar,Bandar,1410
129,Dhaka,Narayanganj,Bandar,D.C Mills,1411
130,Dhaka,Narayanganj,Bandar,Nabiganj,1412
131,Dhaka,Narayanganj,Bandar,BIDS,1413
132,Dhaka,Narayanganj,Bandar,Madanganj,1414
133,Dhaka,Narayanganj,Fatullah,Fatullah,1420
134,Dhaka,Narayanganj,Fatullah,Fatulla Bazar,1421
135,Dhaka,Narayanganj,Narayanganj Sadar,Narayanganj Sadar,1400
136,Dhaka,Narayanganj,Rupganj,Rupganj,1460
137,Dhaka,Narayanganj,Rupganj,Kanchan,1461
138,Dhaka,Narayanganj,Rupganj,Bhulta,1462
139,Dhaka,Narayanganj,Rupganj,Nagri,1463
140,Dhaka,Narayanganj,Rupganj,Murapara,1464
141,Dhaka,Narayanganj,Siddirganj,Siddirganj,1430
142,Dhaka,Narayanganj,Siddirganj,Adamjeenagar,1431
143,Dhaka,Narayanganj,Siddirganj,LN Mills,1432
144,Dhaka,Munshiganj,Gajaria,Gajaria,1510
145,Dhaka,Munshiganj,Gajaria,Hossendi,1511
146,Dhaka,Munshiganj,Gajaria,Rasulpur,1512
147,Dhaka,Munshiganj,Lohajong,Haridia,1333
148,Dhaka,Munshiganj,Lohajong,Gouragonj,1334
149,Dhaka,Munshiganj,Lohajong,Madini Mandal,1335
150,Dhaka,Munshiganj,Lohajong,Lohajang,1530
151,Dhaka,Munshiganj,Lohajong,Korhati,1531
152,Dhaka,Munshiganj,Lohajong,Haldia SO,1532
153,Dhaka,Munshiganj,Lohajong,Haridia DESO,1533
154,Dhaka,Munshiganj,Lohajong,Gouragonj,1534
155,Dhaka,Munshiganj,Lohajong,Medini Mandal EDSO,1535
156,Dhaka,Munshiganj,Munshiganj Sadar,Munshiganj Sadar,1500
157,Dhaka,Munshiganj,Munshiganj Sadar,Rikabibazar,1501
158,Dhaka,Munshiganj,Munshiganj Sadar,Mirkadim,1502
159,Dhaka,Munshiganj,Munshiganj Sadar,Kathakhali,1503
160,Dhaka,Munshiganj,Sirajdikhan,Sirajdikhan,1540
161,Dhaka,Munshiganj,Sirajdikhan,Kola,1541
162,Dhaka,Munshiganj,Sirajdikhan,Ichapur,1542
163,Dhaka,Munshiganj,Sirajdikhan,Malkha Nagar,1543
164,Dhaka,Munshiganj,Sirajdikhan,Shekher Nagar,1544
165,Dhaka,Munshiganj,Srinagar,Srinagar,1550
166,Dhaka,Munshiganj,Srinagar,Barikhal,1551
167,Dhaka,Munshiganj,Srinagar,Mazpara,1552
168,Dhaka,Munshiganj,Srinagar,Hashara,1553
169,Dhaka,Munshiganj,Srinagar,Kolapara,1554
170,Dhaka,Munshiganj,Srinagar,Kumarbhog,1555
171,Dhaka,Munshiganj,Srinagar,Vaggyakul SO,1556
172,Dhaka,Munshiganj,Srinagar,Baghra,1557
173,Dhaka,Munshiganj,Srinagar,Bhaggyakul,1558
174,Dhaka,Munshiganj,Tangibari,Tangibari,1520
175,Dhaka,Munshiganj,Tangibari,Betkahat,1521
176,Dhaka,Munshiganj,Tangibari,Baligao,1522
177,Dhaka,Munshiganj,Tangibari,Bajrajugini,1523
178,Dhaka,Munshiganj,Tangibari,Hasail,1524
179,Dhaka,Munshiganj,Tangibari,Dighirpar,1525
180,Dhaka,Munshiganj,Tangibari,Pura EDSO,1526
181,Dhaka,Munshiganj,Tangibari,Pura,1527
182,Dhaka,Narshingdi,Belabo,Belabo,1640
183,Dhaka,Narshingdi,Monohordi,Monohordi,1650
184,Dhaka,Narshingdi,Monohordi,Hatirdia,1651
185,Dhaka,Narshingdi,Monohordi,Katabaria,1652
186,Dhaka,Narshingdi,Narshingdi Sadar,Narshingdi Sadar,1600
187,Dhaka,Narshingdi,Narshingdi Sadar,UMC Jute Mills,1601
188,Dhaka,Narshingdi,Narshingdi Sadar,Narshingdi College,1602
189,Dhaka,Narshingdi,Narshingdi Sadar,Panchdona,1603
190,Dhaka,Narshingdi,Narshingdi Sadar,Madhabdi,1604
191,Dhaka,Narshingdi,Narshingdi Sadar,Karimpur,1605
192,Dhaka,Narshingdi,Palash,Palash,1610
193,Dhaka,Narshingdi,Palash,Ghorashal Urea Facto,1611
194,Dhaka,Narshingdi,Palash,Char Sindhur,1612
195,Dhaka,Narshingdi,Palash,Ghorashal,1613
196,Dhaka,Narshingdi,Raypura,Raypura,1630
197,Dhaka,Narshingdi,Raypura,Bazar Hasnabad,1631
198,Dhaka,Narshingdi,Raypura,Radhaganj bazar,1632
199,Dhaka,Narshingdi,Shibpur,Shibpur,1620
200,Dhaka,Gazipur,Gazipur Sadar,Gazipur Sadar,1700
201,Dhaka,Gazipur,Gazipur Sadar,B.R.R,1701
202,Dhaka,Gazipur,Gazipur Sadar,Chandna,1702
203,Dhaka,Gazipur,Gazipur Sadar,B.O.F,1703
204,Dhaka,Gazipur,Gazipur Sadar,National University,1704
205,Dhaka,Gazipur,Kaliakaar,Kaliakaar,1750
206,Dhaka,Gazipur,Kaliakaar,Safipur,1751
207,Dhaka,Gazipur,Kaliganj,Kaliganj,1720
208,Dhaka,Gazipur,Kaliganj,Pubail,1721
209,Dhaka,Gazipur,Kaliganj,Santanpara,1722
210,Dhaka,Gazipur,Kaliganj,Vaoal Jamalpur,1723
211,Dhaka,Gazipur,Kapashia,kapashia,1730
212,Dhaka,Gazipur,Monnunagar,Monnunagar,1710
213,Dhaka,Gazipur,Monnunagar,Nishat Nagar,1711
214,Dhaka,Gazipur,Monnunagar,Ershad Nagar,1712
215,Dhaka,Gazipur,Sreepur,Sreepur,1740
216,Dhaka,Gazipur,Sreepur,Barmi,1743
217,Dhaka,Gazipur,Sreepur,Satkhamair,1744
218,Dhaka,Gazipur,Sreepur,Kawraid,1745
219,Dhaka,Gazipur,Sreepur,Bashamur,1747
220,Dhaka,Gazipur,Sreepur,Boubi,1748
221,Dhaka,Gazipur,Sripur,Rajendrapur,1741
222,Dhaka,Gazipur,Sripur,Rajendrapur Canttome,1742
223,Dhaka,Rajbari,Baliakandi,Baliakandi,7730
224,Dhaka,Rajbari,Baliakandi,Nalia,7731
225,Dhaka,Rajbari,Pangsha,Pangsha,7720
226,Dhaka,Rajbari,Pangsha,Ramkol,7721
227,Dhaka,Rajbari,Pangsha,Ratandia,7722
228,Dhaka,Rajbari,Pangsha,Mrigibazar,7723
229,Dhaka,Rajbari,Rajbari Sadar,Rajbari Sadar,7700
230,Dhaka,Rajbari,Rajbari Sadar,Goalanda,7710
231,Dhaka,Rajbari,Rajbari Sadar,Khankhanapur,7711
232,Dhaka,Faridpur,Alfadanga,Alfadanga,7870
233,Dhaka,Faridpur,Bhanga,Bhanga,7830
234,Dhaka,Faridpur,Boalmari,Boalmari,7860
235,Dhaka,Faridpur,Boalmari,Rupatpat,7861
236,Dhaka,Faridpur,Charbhadrasan,Charbadrashan,7810
237,Dhaka,Faridpur,Faridpur Sadar,Faridpursadar,7800
238,Dhaka,Faridpur,Faridpur Sadar,Kanaipur,7801
239,Dhaka,Faridpur,Faridpur Sadar,Ambikapur,7802
240,Dhaka,Faridpur,Faridpur Sadar,Baitulaman Politecni,7803
241,Dhaka,Faridpur,Madukhali,Madukhali,7850
242,Dhaka,Faridpur,Madukhali,Kamarkali,7851
243,Dhaka,Faridpur,Nagarkanda,Nagarkanda,7840
244,Dhaka,Faridpur,Nagarkanda,Talma,7841
245,Dhaka,Faridpur,Sadarpur,Sadarpur,7820
246,Dhaka,Faridpur,Sadarpur,Hat Krishapur,7821
247,Dhaka,Faridpur,Sadarpur,Bishwa jaker Manjil,7822
248,Dhaka,Faridpur,Shriangan,Shriangan,7804
249,Dhaka,Madaripur,Barhamganj,Barhamganj,7930
250,Dhaka,Madaripur,Barhamganj,Nilaksmibandar,7931
251,Dhaka,Madaripur,Barhamganj,Bahadurpur,7932
252,Dhaka,Madaripur,Barhamganj,Umedpur,7933
253,Dhaka,Madaripur,kalkini,Kalkini,7920
254,Dhaka,Madaripur,kalkini,Sahabrampur,7921
255,Dhaka,Madaripur,Madaripur Sadar,Madaripur Sadar,7900
256,Dhaka,Madaripur,Madaripur Sadar,Charmugria,7901
257,Dhaka,Madaripur,Madaripur Sadar,Kulpaddi,7902
258,Dhaka,Madaripur,Madaripur Sadar,Habiganj,7903
259,Dhaka,Madaripur,Madaripur Sadar,Mustafapur,7904
260,Dhaka,Madaripur,Rajoir,Rajoir,7910
261,Dhaka,Madaripur,Rajoir,Khalia,7911
262,Dhaka,Shariatpur,Bhedorganj,Bhedorganj,8030
263,Dhaka,Shariatpur,Damudhya,Damudhya,8040
264,Dhaka,Shariatpur,Gosairhat,Gosairhat,8050
265,Dhaka,Shariatpur,Jajira,Jajira,8010
266,Dhaka,Shariatpur,Naria,Naria,8020
267,Dhaka,Shariatpur,Naria,Bhozeshwar,8021
268,Dhaka,Shariatpur,Naria,Gharisar,8022
269,Dhaka,Shariatpur,Naria,Upshi,8023
270,Dhaka,Shariatpur,Naria,Kartikpur,8024
271,Dhaka,Shariatpur,Shariatpur Sadar,Shariatpur Sadar,8000
272,Dhaka,Shariatpur,Shariatpur Sadar,Angaria,8001
273,Dhaka,Shariatpur,Shariatpur Sadar,Chikandi,8002
274,Dhaka,Gopalganj,Gopalganj Sadar,Chandradighalia,8013
275,Dhaka,Gopalganj,Gopalganj Sadar,Gopalganj Sadar,8100
276,Dhaka,Gopalganj,Gopalganj Sadar,Ulpur,8101
277,Dhaka,Gopalganj,Gopalganj Sadar,Barfa,8102
278,Dhaka,Gopalganj,Kashiani,Kashiani,8130
279,Dhaka,Gopalganj,Kashiani,Ramdia College,8131
280,Dhaka,Gopalganj,Kashiani,Ratoil,8132
281,Dhaka,Gopalganj,Kashiani,Jonapur,8133
282,Dhaka,Gopalganj,Kotalipara,Kotalipara,8110
283,Dhaka,Gopalganj,Maksudpur,Maksudpur,8140
284,Dhaka,Gopalganj,Maksudpur,Batkiamari,8141
285,Dhaka,Gopalganj,Maksudpur,Khandarpara,8142
286,Dhaka,Gopalganj,Tungipara,Tungipara,8120
287,Dhaka,Gopalganj,Tungipara,Patgati,8121
288,Dhaka,Manikganj,Doulatpur,Doulatpur,1860
289,Dhaka,Manikganj,Gheor,Gheor,1840
290,Dhaka,Manikganj,Lechhraganj,Lechhraganj,1830
291,Dhaka,Manikganj,Lechhraganj,Jhitka,1831
292,Dhaka,Manikganj,Manikganj Sadar,Manikganj Sadar,1800
293,Dhaka,Manikganj,Manikganj Sadar,Manikganj Bazar,1801
294,Dhaka,Manikganj,Manikganj Sadar,Gorpara,1802
295,Dhaka,Manikganj,Manikganj Sadar,Mahadebpur,1803
296,Dhaka,Manikganj,Manikganj Sadar,Barangail,1804
297,Dhaka,Manikganj,Saturia,Saturia,1810
298,Dhaka,Manikganj,Saturia,Baliati,1811
299,Dhaka,Manikganj,Shibloya,Shibaloy,1850
300,Dhaka,Manikganj,Shibloya,Aricha,1851
301,Dhaka,Manikganj,Shibloya,Tewta,1852
302,Dhaka,Manikganj,Shibloya,Uthli,1853
303,Dhaka,Manikganj,Singari,Singair,1820
304,Dhaka,Manikganj,Singari,Baira,1821
305,Dhaka,Manikganj,Singari,joymantop,1822
306,Dhaka,Tangail,Basail,Basail,1920
307,Dhaka,Tangail,Bhuapur,Bhuapur,1960
308,Dhaka,Tangail,Delduar,Delduar,1910
309,Dhaka,Tangail,Delduar,Jangalia,1911
310,Dhaka,Tangail,Delduar,Patharail,1912
311,Dhaka,Tangail,Delduar,Elasin,1913
312,Dhaka,Tangail,Delduar,Hinga Nagar,1914
313,Dhaka,Tangail,Delduar,Lowhati,1915
314,Dhaka,Tangail,Ghatail,Ghatial,1980
315,Dhaka,Tangail,Ghatail,Zahidganj,1981
316,Dhaka,Tangail,Ghatail,D. Pakutia,1982
317,Dhaka,Tangail,Ghatail,Dhalapara,1983
318,Dhaka,Tangail,Ghatail,Lohani,1984
319,Dhaka,Tangail,Gopalpur,Gopalpur,1990
320,Dhaka,Tangail,Gopalpur,Jhowail,1991
321,Dhaka,Tangail,Gopalpur,Hemnagar,1992
322,Dhaka,Tangail,Kalihati,Kalihati,1970
323,Dhaka,Tangail,Kalihati,Rajafair,1971
324,Dhaka,Tangail,Kalihati,Nagbari,1972
325,Dhaka,Tangail,Kalihati,Ballabazar,1973
326,Dhaka,Tangail,Kalihati,Elinga,1974
327,Dhaka,Tangail,Kalihati,Palisha,1975
328,Dhaka,Tangail,Kalihati,Nagarbari SO,1976
329,Dhaka,Tangail,Kalihati,Nagarbari,1977
330,Dhaka,Tangail,Kashkaolia,Kashkawlia,1930
331,Dhaka,Tangail,Madhupur,Madhupur,1996
332,Dhaka,Tangail,Madhupur,Dhobari,1997
333,Dhaka,Tangail,Mirzapur,Mirzapur,1940
334,Dhaka,Tangail,Mirzapur,Gorai,1941
335,Dhaka,Tangail,Mirzapur,M.C. College,1942
336,Dhaka,Tangail,Mirzapur,Warri paikpara,1943
337,Dhaka,Tangail,Mirzapur,Jarmuki,1944
338,Dhaka,Tangail,Mirzapur,Mohera,1945
339,Dhaka,Tangail,Nagarpur,Nagarpur,1936
340,Dhaka,Tangail,Nagarpur,Dhuburia,1937
341,Dhaka,Tangail,Nagarpur,Salimabad,1938
342,Dhaka,Tangail,Sakhipur,Sakhipur,1950
343,Dhaka,Tangail,Sakhipur,Kochua,1951
344,Dhaka,Tangail,Tangail Sadar,Tangail Sadar,1900
345,Dhaka,Tangail,Tangail Sadar,Kagmari,1901
346,Dhaka,Tangail,Tangail Sadar,Santosh,1902
347,Dhaka,Tangail,Tangail Sadar,Korotia,1903
348,Dhaka,Tangail,Tangail Sadar,Purabari,1904
349,Dhaka,Jamalpur,Dewangonj,Dewangonj,2030
350,Dhaka,Jamalpur,Dewangonj,Dewangonj S. Mills,2031
351,Dhaka,Jamalpur,Islampur,Islampur,2020
352,Dhaka,Jamalpur,Islampur,Durmoot,2021
353,Dhaka,Jamalpur,Islampur,Gilabari,2022
354,Dhaka,Jamalpur,Jamalpur,Jamalpur,2000
355,Dhaka,Jamalpur,Jamalpur,Nandina,2001
356,Dhaka,Jamalpur,Jamalpur,Narundi,2002
357,Dhaka,Jamalpur,Malandah,Malandah,2010
358,Dhaka,Jamalpur,Malandah,Jamalpur,2011
359,Dhaka,Jamalpur,Malandah,Malancha,2012
360,Dhaka,Jamalpur,Malandah,Mahmoodpur,2013
361,Dhaka,Jamalpur,Mathargonj,Mathargonj,2040
362,Dhaka,Jamalpur,Mathargonj,Balijhuri,2041
363,Dhaka,Jamalpur,Shorishabari,Shorishabari,2050
364,Dhaka,Jamalpur,Shorishabari,Gunerbari,2051
365,Dhaka,Jamalpur,Shorishabari,Bausee,2052
366,Dhaka,Jamalpur,Shorishabari,Jagannath Ghat,2053
367,Dhaka,Jamalpur,Shorishabari,Pingna,2054
368,Dhaka,Jamalpur,Shorishabari,Jamuna Sar Karkhana,2055
369,Dhaka,Sherpur,Bakshigonj,Bakshigonj,2140
370,Dhaka,Sherpur,Jhinaigati,Jhinaigati,2120
371,Dhaka,Sherpur,Nakla,Nakla,2150
372,Dhaka,Sherpur,Nakla,Gonopaddi,2151
373,Dhaka,Sherpur,Nalitabari,Nalitabari,2110
374,Dhaka,Sherpur,Nalitabari,Hatibandha,2111
375,Dhaka,Sherpur,Sherpur Shadar,Sherpur Shadar,2100
376,Dhaka,Sherpur,Shribardi,Shribardi,2130
377,Chittagong ,Brahmanbaria,Akhaura,Akhaura,3450
378,Chittagong ,Brahmanbaria,Akhaura,Azampur,3451
379,Chittagong ,Brahmanbaria,Akhaura,Gangasagar,3452
380,Chittagong ,Brahmanbaria,Banchharampur,Banchharampur,3420
381,Chittagong ,Brahmanbaria,Brahamanbaria Sadar,Brahamanbaria Sadar,3400
382,Chittagong ,Brahmanbaria,Brahamanbaria Sadar,Talshahar,3401
383,Chittagong ,Brahmanbaria,Brahamanbaria Sadar,Ashuganj,3402
384,Chittagong ,Brahmanbaria,Brahamanbaria Sadar,Ashuganj Share,3403
385,Chittagong ,Brahmanbaria,Brahamanbaria Sadar,Poun,3404
386,Chittagong ,Brahmanbaria,Kasba,Kasba,3460
387,Chittagong ,Brahmanbaria,Kasba,Kuti,3461
388,Chittagong ,Brahmanbaria,Kasba,Chandidar,3462
389,Chittagong ,Brahmanbaria,Kasba,Chargachh,3463
390,Chittagong ,Brahmanbaria,Kasba,Gopinathpur,3464
391,Chittagong ,Brahmanbaria,Nabinagar,Nabinagar,3410
392,Chittagong ,Brahmanbaria,Nabinagar,Laubfatehpur,3411
393,Chittagong ,Brahmanbaria,Nabinagar,Rasullabad,3412
394,Chittagong ,Brahmanbaria,Nabinagar,Shamgram,3413
395,Chittagong ,Brahmanbaria,Nabinagar,Ratanpur,3414
396,Chittagong ,Brahmanbaria,Nabinagar,Shahapur,3415
397,Chittagong ,Brahmanbaria,Nabinagar,Kaitala,3417
398,Chittagong ,Brahmanbaria,Nabinagar,Salimganj,3418
399,Chittagong ,Brahmanbaria,Nabinagar,Jibanganj,3419
400,Chittagong ,Brahmanbaria,Nasirnagar,Nasirnagar,3440
401,Chittagong ,Brahmanbaria,Nasirnagar,Fandauk,3441
402,Chittagong ,Brahmanbaria,Sarail,Sarial,3430
403,Chittagong ,Brahmanbaria,Sarail,Shahbajpur,3431
404,Chittagong ,Brahmanbaria,Sarail,Chandura,3432
405,Chittagong ,Comilla,Barura,Barura,3560
406,Chittagong ,Comilla,Barura,Poyalgachha,3561
407,Chittagong ,Comilla,Barura,Murdafarganj,3562
408,Chittagong ,Comilla,Brahmanpara,Brahmanpara,3526
409,Chittagong ,Comilla,Burichang,Burichang,3520
410,Chittagong ,Comilla,Burichang,Maynamoti bazar,3521
411,Chittagong ,Comilla,Chandina,Chandia,3510
412,Chittagong ,Comilla,Chandina,Madhaiabazar,3511
413,Chittagong ,Comilla,Chouddagram,Chouddagram,3550
414,Chittagong ,Comilla,Chouddagram,Batisa,3551
415,Chittagong ,Comilla,Chouddagram,Chiora,3552
416,Chittagong ,Comilla,Comilla Sadar,Comilla Sadar,3500
417,Chittagong ,Comilla,Comilla Sadar,Comilla Contoment,3501
418,Chittagong ,Comilla,Comilla Sadar,Halimanagar,3502
419,Chittagong ,Comilla,Comilla Sadar,Courtbari,3503
420,Chittagong ,Comilla,Comilla Sadar,Suaganj,3504
421,Chittagong ,Comilla,Daudkandi,Daudkandi,3516
422,Chittagong ,Comilla,Daudkandi,Gouripur,3517
423,Chittagong ,Comilla,Daudkandi,Dashpara,3518
424,Chittagong ,Comilla,Daudkandi,Eliotganj,3519
425,Chittagong ,Comilla,Davidhar,Davidhar,3530
426,Chittagong ,Comilla,Davidhar,Gangamandal,3531
427,Chittagong ,Comilla,Davidhar,Barashalghar,3532
428,Chittagong ,Comilla,Davidhar,Dhamtee,3533
429,Chittagong ,Comilla,Homna,Homna,3546
430,Chittagong ,Comilla,Laksam,Laksam,3570
431,Chittagong ,Comilla,Laksam,Lakshamanpur,3571
432,Chittagong ,Comilla,Laksam,Bipulasar,3572
433,Chittagong ,Comilla,Langalkot,Langalkot,3580
434,Chittagong ,Comilla,Langalkot,Dhalua,3581
435,Chittagong ,Comilla,Langalkot,Chhariabazar,3582
436,Chittagong ,Comilla,Langalkot,Gunabati,3583
437,Chittagong ,Comilla,Muradnagar,Muradnagar,3540
438,Chittagong ,Comilla,Muradnagar,Ramchandarpur,3541
439,Chittagong ,Comilla,Muradnagar,Companyganj,3542
440,Chittagong ,Comilla,Muradnagar,Bangra,3543
441,Chittagong ,Comilla,Muradnagar,Sonakanda,3544
442,Chittagong ,Comilla,Muradnagar,Pantibazar,3545
443,Chittagong ,Lakshmipur,Char Alexgander,Char Alexgander,3730
444,Chittagong ,Lakshmipur,Char Alexgander,Hajirghat,3731
445,Chittagong ,Lakshmipur,Char Alexgander,Ramgatirhat,3732
446,Chittagong ,Lakshmipur,Lakshimpur Sadar,Lakshimpur Sadar,3700
447,Chittagong ,Lakshmipur,Lakshimpur Sadar,Dalal Bazar,3701
448,Chittagong ,Lakshmipur,Lakshimpur Sadar,Bhabaniganj,3702
449,Chittagong ,Lakshmipur,Lakshimpur Sadar,Mandari,3703
450,Chittagong ,Lakshmipur,Lakshimpur Sadar,Keramatganj,3704
451,Chittagong ,Lakshmipur,Lakshimpur Sadar,Rupchara,3705
452,Chittagong ,Lakshmipur,Lakshimpur Sadar,Duttapara,3706
453,Chittagong ,Lakshmipur,Lakshimpur Sadar,Choupalli,3707
454,Chittagong ,Lakshmipur,Lakshimpur Sadar,Chandraganj,3708
455,Chittagong ,Lakshmipur,Lakshimpur Sadar,Amani Lakshimpur,3709
456,Chittagong ,Lakshmipur,Ramganj,Ramganj,3720
457,Chittagong ,Lakshmipur,Ramganj,Alipur,3721
458,Chittagong ,Lakshmipur,Ramganj,Panpara,3722
459,Chittagong ,Lakshmipur,Ramganj,Kanchanpur,3723
460,Chittagong ,Lakshmipur,Ramganj,Naagmud,3724
461,Chittagong ,Lakshmipur,Ramganj,Dolta,3725
462,Chittagong ,Lakshmipur,Raypur,Raypur,3710
463,Chittagong ,Lakshmipur,Raypur,Rakhallia,3711
464,Chittagong ,Lakshmipur,Raypur,Nagerdighirpar,3712
465,Chittagong ,Lakshmipur,Raypur,Haydarganj,3713
466,Chittagong ,Lakshmipur,Raypur,Bhuabari,3714
467,Chittagong ,Noakhali,Basurhat,Basur Hat,3850
468,Chittagong ,Noakhali,Basurhat,Charhajari,3851
469,Chittagong ,Noakhali,Begumganj,Begumganj,3820
470,Chittagong ,Noakhali,Begumganj,Choumohani,3821
471,Chittagong ,Noakhali,Begumganj,Banglabazar,3822
472,Chittagong ,Noakhali,Begumganj,Mir Owarishpur,3823
473,Chittagong ,Noakhali,Begumganj,Bazra,3824
474,Chittagong ,Noakhali,Begumganj,Jamidar Hat,3825
475,Chittagong ,Noakhali,Begumganj,Sonaimuri,3827
476,Chittagong ,Noakhali,Begumganj,Gopalpur,3828
477,Chittagong ,Noakhali,Begumganj,Joynarayanpur,3829
478,Chittagong ,Noakhali,Begumganj,Alaiarpur,3831
479,Chittagong ,Noakhali,Begumganj,Tangirpar,3832
480,Chittagong ,Noakhali,Begumganj,Khalafat Bazar,3833
481,Chittagong ,Noakhali,Begumganj,Rajganj,3834
482,Chittagong ,Noakhali,Begumganj,Oachhekpur,3835
483,Chittagong ,Noakhali,Begumganj,Bhabani Jibanpur,3837
484,Chittagong ,Noakhali,Begumganj,Maheshganj,3838
485,Chittagong ,Noakhali,Begumganj,Nadona,3839
486,Chittagong ,Noakhali,Begumganj,Nandiapara,3841
487,Chittagong ,Noakhali,Begumganj,Khalishpur,3842
488,Chittagong ,Noakhali,Begumganj,Dauti,3843
489,Chittagong ,Noakhali,Begumganj,Joyag,3844
490,Chittagong ,Noakhali,Begumganj,Thanar Hat,3845
491,Chittagong ,Noakhali,Begumganj,Amisha Para,3847
492,Chittagong ,Noakhali,Begumganj,Durgapur,3848
493,Chittagong ,Noakhali,Chatkhil,Chatkhil,3870
494,Chittagong ,Noakhali,Chatkhil,Palla,3871
495,Chittagong ,Noakhali,Chatkhil,Khilpara,3872
496,Chittagong ,Noakhali,Chatkhil,Bodalcourt,3873
497,Chittagong ,Noakhali,Chatkhil,Rezzakpur,3874
498,Chittagong ,Noakhali,Chatkhil,Solla,3875
499,Chittagong ,Noakhali,Chatkhil,Karihati,3877
500,Chittagong ,Noakhali,Chatkhil,Dosh Gharia,3878
501,Chittagong ,Noakhali,Chatkhil,Bansa Bazar,3879
502,Chittagong ,Noakhali,Chatkhil,Sahapur,3881
503,Chittagong ,Noakhali,Chatkhil,Sampara,3882
504,Chittagong ,Noakhali,Chatkhil,Shingbahura,3883
505,Chittagong ,Noakhali,Hatiya,Hatiya,3890
506,Chittagong ,Noakhali,Hatiya,Afazia,3891
507,Chittagong ,Noakhali,Hatiya,Tamoraddi,3892
508,Chittagong ,Noakhali,Noakhali Sadar,Noakhali Sadar,3800
509,Chittagong ,Noakhali,Noakhali Sadar,Noakhali College,3801
510,Chittagong ,Noakhali,Noakhali Sadar,Sonapur,3802
511,Chittagong ,Noakhali,Noakhali Sadar,Din Monir Hat,3803
512,Chittagong ,Noakhali,Noakhali Sadar,Pak Kishoreganj,3804
513,Chittagong ,Noakhali,Noakhali Sadar,Mriddarhat,3806
514,Chittagong ,Noakhali,Noakhali Sadar,Kabirhat,3807
515,Chittagong ,Noakhali,Noakhali Sadar,Khalifar Hat,3808
516,Chittagong ,Noakhali,Noakhali Sadar,Charam Tua,3809
517,Chittagong ,Noakhali,Noakhali Sadar,Chaprashir Hat,3811
518,Chittagong ,Noakhali,Noakhali Sadar,Char Jabbar,3812
519,Chittagong ,Noakhali,Senbag,Senbag,3860
520,Chittagong ,Noakhali,Senbag,Kallyandi,3861
521,Chittagong ,Noakhali,Senbag,Beezbag,3862
522,Chittagong ,Noakhali,Senbag,Kankirhat,3863
523,Chittagong ,Noakhali,Senbag,Chatarpaia,3864
524,Chittagong ,Noakhali,Senbag,T.P. Lamua,3865
525,Chittagong ,Feni,Chhagalnaia,Chhagalnaia,3910
526,Chittagong ,Feni,Chhagalnaia,Maharajganj,3911
527,Chittagong ,Feni,Chhagalnaia,Daraga Hat,3912
528,Chittagong ,Feni,Chhagalnaia,Puabashimulia,3913
529,Chittagong ,Feni,Dagonbhuia,Dagondhuia,3920
530,Chittagong ,Feni,Dagonbhuia,Dudmukha,3921
531,Chittagong ,Feni,Dagonbhuia,Chhilonia,3922
532,Chittagong ,Feni,Dagonbhuia,Rajapur,3923
533,Chittagong ,Feni,Feni Sadar,Feni Sadar,3900
534,Chittagong ,Feni,Feni Sadar,Fazilpur,3901
535,Chittagong ,Feni,Feni Sadar,Sharshadie,3902
536,Chittagong ,Feni,Feni Sadar,Laskarhat,3903
537,Chittagong ,Feni,Pashurampur,Pashurampur,3940
538,Chittagong ,Feni,Pashurampur,Shuarbazar,3941
539,Chittagong ,Feni,Pashurampur,Fulgazi,3942
540,Chittagong ,Feni,Pashurampur,Munshirhat,3943
541,Chittagong ,Feni,Sonagazi,Sonagazi,3930
542,Chittagong ,Feni,Sonagazi,Motiganj,3931
543,Chittagong ,Feni,Sonagazi,Ahmadpur,3932
544,Chittagong ,Feni,Sonagazi,Kazirhat,3933
545,Chittagong ,Chittagong,Anawara,Anowara,4376
546,Chittagong ,Chittagong,Anawara,Paroikora,4377
547,Chittagong ,Chittagong,Anawara,Battali,4378
548,Chittagong ,Chittagong,Boalkhali,Kanungopara,4363
549,Chittagong ,Chittagong,Boalkhali,Saroatoli,4364
550,Chittagong ,Chittagong,Boalkhali,Iqbal Park,4365
551,Chittagong ,Chittagong,Boalkhali,Boalkhali,4366
552,Chittagong ,Chittagong,Boalkhali,Sakpura,4367
553,Chittagong ,Chittagong,Boalkhali,Kadurkhal,4368
554,Chittagong ,Chittagong,Boalkhali,Charandwip,4369
555,Chittagong ,Chittagong,Chittagong Sadar,Chittagong GPO,4000
556,Chittagong ,Chittagong,Chittagong Sadar,Chittagong Bandar,4100
557,Chittagong ,Chittagong,Chittagong Sadar,Pahartoli,4202
558,Chittagong ,Chittagong,Chittagong Sadar,Chawkbazar,4203
559,Chittagong ,Chittagong,Chittagong Sadar,Patenga,4204
560,Chittagong ,Chittagong,Chittagong Sadar,Chittagong Airport,4205
561,Chittagong ,Chittagong,Chittagong Sadar,Jaldia Merine Accade,4206
562,Chittagong ,Chittagong,Chittagong Sadar,Firozshah,4207
563,Chittagong ,Chittagong,Chittagong Sadar,Mohard,4208
564,Chittagong ,Chittagong,Chittagong Sadar,Chitt. Politechnic In,4209
565,Chittagong ,Chittagong,Chittagong Sadar,Bayezid Bostami,4210
566,Chittagong ,Chittagong,Chittagong Sadar,Amin Jute Mills,4211
567,Chittagong ,Chittagong,Chittagong Sadar,Chandgaon,4212
568,Chittagong ,Chittagong,Chittagong Sadar,Wazedia,4213
569,Chittagong ,Chittagong,Chittagong Sadar,Jalalabad,4214
570,Chittagong ,Chittagong,Chittagong Sadar,Anandabazar,4215
571,Chittagong ,Chittagong,Chittagong Sadar,Halishahar,4216
572,Chittagong ,Chittagong,Chittagong Sadar,North Katuli,4217
573,Chittagong ,Chittagong,Chittagong Sadar,Chitt. Sailers Colon,4218
574,Chittagong ,Chittagong,Chittagong Sadar,Chitt. Customs Acca,4219
575,Chittagong ,Chittagong,Chittagong Sadar,Chitt. Cantonment,4220
576,Chittagong ,Chittagong,Chittagong Sadar,Al- Amin Baria Madra,4221
577,Chittagong ,Chittagong,Chittagong Sadar,Middle Patenga,4222
578,Chittagong ,Chittagong,Chittagong Sadar,Export Processing,4223
579,Chittagong ,Chittagong,Chittagong Sadar,Rampura TSO,4224
580,Chittagong ,Chittagong,Chittagong Sadar,Halishshar,4225
581,Chittagong ,Chittagong,Chittagong Sadar,North Halishahar,4226
582,Chittagong ,Chittagong,East Joara,East Joara,4380
583,Chittagong ,Chittagong,East Joara,Gachbaria,4381
584,Chittagong ,Chittagong,East Joara,Dohazari,4382
585,Chittagong ,Chittagong,East Joara,Barma,4383
586,Chittagong ,Chittagong,Fatikchhari,Fatikchhari,4350
587,Chittagong ,Chittagong,Fatikchhari,Nanupur,4351
588,Chittagong ,Chittagong,Fatikchhari,Bhandar Sharif,4352
589,Chittagong ,Chittagong,Fatikchhari,Najirhat,4353
590,Chittagong ,Chittagong,Fatikchhari,Harualchhari,4354
591,Chittagong ,Chittagong,Fatikchhari,Narayanhat,4355
592,Chittagong ,Chittagong,Hathazari,Hathazari,4330
593,Chittagong ,Chittagong,Hathazari,Chitt.University,4331
594,Chittagong ,Chittagong,Hathazari,Gorduara,4332
595,Chittagong ,Chittagong,Hathazari,Katirhat,4333
596,Chittagong ,Chittagong,Hathazari,Mirzapur,4334
597,Chittagong ,Chittagong,Hathazari,Fatahabad,4335
598,Chittagong ,Chittagong,Hathazari,Nuralibari,4337
599,Chittagong ,Chittagong,Hathazari,Yunus Nagar,4338
600,Chittagong ,Chittagong,Hathazari,Madrasa,4339
601,Chittagong ,Chittagong,Jaldi,Jaldi,4390
602,Chittagong ,Chittagong,Jaldi,Khan Bahadur,4391
603,Chittagong ,Chittagong,Jaldi,Gunagari,4392
604,Chittagong ,Chittagong,Jaldi,Banigram,4393
605,Chittagong ,Chittagong,Lohagara,Lohagara,4396
606,Chittagong ,Chittagong,Lohagara,Padua,4397
607,Chittagong ,Chittagong,Lohagara,Chunti,4398
608,Chittagong ,Chittagong,Mirsharai,Mirsharai,4320
609,Chittagong ,Chittagong,Mirsharai,Abutorab,4321
610,Chittagong ,Chittagong,Mirsharai,Darrogahat,4322
611,Chittagong ,Chittagong,Mirsharai,Bharawazhat,4323
612,Chittagong ,Chittagong,Mirsharai,Joarganj,4324
613,Chittagong ,Chittagong,Mirsharai,Azampur,4325
614,Chittagong ,Chittagong,Mirsharai,Korerhat,4327
615,Chittagong ,Chittagong,Mirsharai,Mohazanhat,4328
616,Chittagong ,Chittagong,Patia Head Office,Patia Head Office,4370
617,Chittagong ,Chittagong,Patia Head Office,Budhpara,4371
618,Chittagong ,Chittagong,Rangunia,Rangunia,4360
619,Chittagong ,Chittagong,Rangunia,Dhamair,4361
620,Chittagong ,Chittagong,Rouzan,Rouzan,4340
621,Chittagong ,Chittagong,Rouzan,Beenajuri,4341
622,Chittagong ,Chittagong,Rouzan,Kundeshwari,4342
623,Chittagong ,Chittagong,Rouzan,Gahira,4343
624,Chittagong ,Chittagong,Rouzan,jagannath Hat,4344
625,Chittagong ,Chittagong,Rouzan,Fatepur,4345
626,Chittagong ,Chittagong,Rouzan,Guzra Noapara,4346
627,Chittagong ,Chittagong,Rouzan,Dewanpur,4347
628,Chittagong ,Chittagong,Rouzan,Mohamuni,4348
629,Chittagong ,Chittagong,Rouzan,B.I.T Post Office,4349
630,Chittagong ,Chittagong,Sandwip,Sandwip,4300
631,Chittagong ,Chittagong,Sandwip,Shiberhat,4301
632,Chittagong ,Chittagong,Sandwip,Urirchar,4302
633,Chittagong ,Chittagong,Satkania,Satkania,4386
634,Chittagong ,Chittagong,Satkania,Baitul Ijjat,4387
635,Chittagong ,Chittagong,Satkania,Bazalia,4388
636,Chittagong ,Chittagong,Sitakunda,Sitakunda,4310
637,Chittagong ,Chittagong,Sitakunda,Baroidhala,4311
638,Chittagong ,Chittagong,Sitakunda,Barabkunda,4312
639,Chittagong ,Chittagong,Sitakunda,Bawashbaria,4313
640,Chittagong ,Chittagong,Sitakunda,Kumira,4314
641,Chittagong ,Chittagong,Sitakunda,Bhatiari,4315
642,Chittagong ,Chittagong,Sitakunda,Fouzdarhat,4316
643,Chittagong ,Chittagong,Sitakunda,Jafrabad,4317
644,Chittagong ,Khagrachari,Diginala,Diginala,4420
645,Chittagong ,Khagrachari,Khagrachari Sadar,Khagrachari Sadar,4400
646,Chittagong ,Khagrachari,Laxmichhari,Laxmichhari,4470
647,Chittagong ,Khagrachari,Mahalchhari,Mahalchhari,4430
648,Chittagong ,Khagrachari,Manikchhari,Manikchhari,4460
649,Chittagong ,Khagrachari,Matiranga,Matiranga,4450
650,Chittagong ,Khagrachari,Panchhari,Panchhari,4410
651,Chittagong ,Khagrachari,Ramghar Head Office,Ramghar Head Office,4440
652,Chittagong ,Rangamati,Barakal,Barakal,4570
653,Chittagong ,Rangamati,Bilaichhari,Bilaichhari,4550
654,Chittagong ,Rangamati,Jarachhari,Jarachhari,4560
655,Chittagong ,Rangamati,Kalampati,Kalampati,4510
656,Chittagong ,Rangamati,Kalampati,Betbunia,4511
657,Chittagong ,Rangamati,kaptai,Kaptai,4530
658,Chittagong ,Rangamati,kaptai,Chandraghona,4531
659,Chittagong ,Rangamati,kaptai,Kaptai Project,4532
660,Chittagong ,Rangamati,kaptai,Kaptai Nuton Bazar,4533
661,Chittagong ,Rangamati,Longachh,Longachh,4580
662,Chittagong ,Rangamati,Marishya,Marishya,4590
663,Chittagong ,Rangamati,Naniachhar,Nanichhar,4520
664,Chittagong ,Rangamati,Rajsthali,Rajsthali,4540
665,Chittagong ,Rangamati,Rangamati Sadar,Rangamati Sadar,4500
666,Chittagong ,Bandarban,Alikadam,Alikadam,4650
667,Chittagong ,Bandarban,Bandarban Sadar,Bandarban Sadar,4600
668,Chittagong ,Bandarban,Naikhong,Naikhong,4660
669,Chittagong ,Bandarban,Roanchhari,Roanchhari,4610
670,Chittagong ,Bandarban,Ruma,Ruma,4620
671,Chittagong ,Bandarban,Thanchi,Thanchi,4630
672,Chittagong ,Bandarban,Thanchi,Lama,4641
673,Chittagong ,Coxs Bazar,Chiringga,Chiringga,4740
674,Chittagong ,Coxs Bazar,Chiringga,Chiringga S.O,4741
675,Chittagong ,Coxs Bazar,Chiringga,Badarkali,4742
676,Chittagong ,Coxs Bazar,Chiringga,Malumghat,4743
677,Chittagong ,Coxs Bazar,Coxs Bazar Sadar,Coxs Bazar Sadar,4700
678,Chittagong ,Coxs Bazar,Coxs Bazar Sadar,Zhilanja,4701
679,Chittagong ,Coxs Bazar,Coxs Bazar Sadar,Eidga,4702
680,Chittagong ,Coxs Bazar,Gorakghat,Gorakghat,4710
681,Chittagong ,Coxs Bazar,Kutubdia,Kutubdia,4720
682,Chittagong ,Coxs Bazar,Ramu,Ramu,4730
683,Chittagong ,Coxs Bazar,Teknaf,Teknaf,4760
684,Chittagong ,Coxs Bazar,Teknaf,Hnila,4761
685,Chittagong ,Coxs Bazar,Teknaf,St.Martin,4762
686,Chittagong ,Coxs Bazar,Ukhia,Ukhia,4750
687,Khulna ,Kustia,Bheramara,Bheramara,7040
688,Khulna ,Kustia,Bheramara,Ganges Bheramara,7041
689,Khulna ,Kustia,Bheramara,Allardarga,7042
690,Khulna ,Kustia,Janipur,Janipur,7020
691,Khulna ,Kustia,Janipur,Khoksa,7021
692,Khulna ,Kustia,Kumarkhali,Kumarkhali,7010
693,Khulna ,Kustia,Kumarkhali,Panti,7011
694,Khulna ,Kustia,Kustia Sadar,Kustia Sadar,7000
695,Khulna ,Kustia,Kustia Sadar,Kushtia Mohini,7001
696,Khulna ,Kustia,Kustia Sadar,Jagati,7002
697,Khulna ,Kustia,Kustia Sadar,Islami University,7003
698,Khulna ,Kustia,Mirpur,Mirpur,7030
699,Khulna ,Kustia,Mirpur,Poradaha,7031
700,Khulna ,Kustia,Mirpur,Amla Sadarpur,7032
701,Khulna ,Kustia,Rafayetpur,Rafayetpur,7050
702,Khulna ,Kustia,Rafayetpur,Taragunia,7051
703,Khulna ,Kustia,Rafayetpur,Khasmathurapur,7052
704,Khulna ,Meherpur,Gangni,Gangni,7110
705,Khulna ,Meherpur,Meherpur Sadar,Meherpur Sadar,7100
706,Khulna ,Meherpur,Meherpur Sadar,Amjhupi,7101
707,Khulna ,Meherpur,Meherpur Sadar,Mujib Nagar Complex,7102
708,Khulna ,Meherpur,Meherpur Sadar,Amjhupi,7152
709,Khulna ,Chuadanga,Alamdanga,Alamdanga,7210
710,Khulna ,Chuadanga,Alamdanga,Hardi,7211
711,Khulna ,Chuadanga,Chuadanga Sadar,Chuadanga Sadar,7200
712,Khulna ,Chuadanga,Chuadanga Sadar,Munshiganj,7201
713,Khulna ,Chuadanga,Damurhuda,Damurhuda,7220
714,Khulna ,Chuadanga,Damurhuda,Darshana,7221
715,Khulna ,Chuadanga,Damurhuda,Andulbaria,7222
716,Khulna ,Chuadanga,Doulatganj,Doulatganj,7230
717,Khulna ,Jinaidaha,Harinakundu,Harinakundu,7310
718,Khulna ,Jinaidaha,Jinaidaha Sadar,Jinaidaha Sadar,7300
719,Khulna ,Jinaidaha,Jinaidaha Sadar,Jinaidaha Cadet College,7301
720,Khulna ,Jinaidaha,Kotchandpur,Kotchandpur,7330
721,Khulna ,Jinaidaha,Maheshpur,Maheshpur,7340
722,Khulna ,Jinaidaha,Naldanga,Naldanga,7350
723,Khulna ,Jinaidaha,Naldanga,Hatbar Bazar,7351
724,Khulna ,Jinaidaha,Shailakupa,Shailakupa,7320
725,Khulna ,Jinaidaha,Shailakupa,Kumiradaha,7321
726,Khulna ,Jessore,Bagharpara,Bagharpara,7470
727,Khulna ,Jessore,Bagharpara,Gouranagar,7471
728,Khulna ,Jessore,Chaugachha,Chougachha,7410
729,Khulna ,Jessore,Jessore Sadar,Jessore Sadar,7400
730,Khulna ,Jessore,Jessore Sadar,Jessore Upa-Shahar,7401
731,Khulna ,Jessore,Jessore Sadar,Chanchra,7402
732,Khulna ,Jessore,Jessore Sadar,Jessore canttonment,7403
733,Khulna ,Jessore,Jessore Sadar,Jessore Airbach,7404
734,Khulna ,Jessore,Jessore Sadar,Rupdia,7405
735,Khulna ,Jessore,Jessore Sadar,Basundia,7406
736,Khulna ,Jessore,Jessore Sadar,Churamankathi,7407
737,Khulna ,Jessore,Jhikargachha,Jhikargachha,7420
738,Khulna ,Jessore,Keshabpur,Keshobpur,7450
739,Khulna ,Jessore,Monirampur,Monirampur,7440
740,Khulna ,Jessore,Noapara,Noapara,7460
741,Khulna ,Jessore,Noapara,Rajghat,7461
742,Khulna ,Jessore,Noapara,Bhugilhat,7462
743,Khulna ,Jessore,Sarsa,Sarsa,7430
744,Khulna ,Jessore,Sarsa,Benapole,7431
745,Khulna ,Jessore,Sarsa,Jadabpur,7432
746,Khulna ,Jessore,Sarsa,Bag Achra,7433
747,Khulna ,Narail,Kalia,Kalia,7520
748,Khulna ,Narail,Laxmipasha,Laxmipasha,7510
749,Khulna ,Narail,Laxmipasha,Lohagora,7511
750,Khulna ,Narail,Laxmipasha,Itna,7512
751,Khulna ,Narail,Laxmipasha,Naldi,7513
752,Khulna ,Narail,Laxmipasha,Baradia,7514
753,Khulna ,Narail,Mohajan,Mohajan,7521
754,Khulna ,Narail,Narail Sadar,Narail Sadar,7500
755,Khulna ,Narail,Narail Sadar,Ratanganj,7501
756,Khulna ,Magura,Arpara,Arpara,7620
757,Khulna ,Magura,Magura Sadar,Magura Sadar,7600
758,Khulna ,Magura,Mohammadpur,Mohammadpur,7630
759,Khulna ,Magura,Mohammadpur,Binodpur,7631
760,Khulna ,Magura,Mohammadpur,Nahata,7632
761,Khulna ,Magura,Shripur,Shripur,7610
762,Khulna ,Magura,Shripur,Langalbadh,7611
763,Khulna ,Magura,Shripur,Nachol,7612
764,Khulna ,Khulna,Alaipur,Alaipur,9240
765,Khulna ,Khulna,Alaipur,Rupsha,9241
766,Khulna ,Khulna,Alaipur,Belphulia,9242
767,Khulna ,Khulna,Batiaghat,Batiaghat,9260
768,Khulna ,Khulna,Batiaghat,Surkalee,9261
769,Khulna ,Khulna,Chalna Bazar,Chalna Bazar,9270
770,Khulna ,Khulna,Chalna Bazar,Dakup,9271
771,Khulna ,Khulna,Chalna Bazar,Bajua,9272
772,Khulna ,Khulna,Chalna Bazar,Nalian,9273
773,Khulna ,Khulna,Digalia,Digalia,9220
774,Khulna ,Khulna,Digalia,Chandni Mahal,9221
775,Khulna ,Khulna,Digalia,Senhati,9222
776,Khulna ,Khulna,Digalia,Ghoshghati,9223
777,Khulna ,Khulna,Digalia,Gazirhat,9224
778,Khulna ,Khulna,Khulna Sadar,Khulna G.P.O,9000
779,Khulna ,Khulna,Khulna Sadar,Khula Sadar,9100
780,Khulna ,Khulna,Khulna Sadar,Khulna Shipyard,9201
781,Khulna ,Khulna,Khulna Sadar,Doulatpur,9202
782,Khulna ,Khulna,Khulna Sadar,BIT Khulna,9203
783,Khulna ,Khulna,Khulna Sadar,Siramani,9204
784,Khulna ,Khulna,Khulna Sadar,Jahanabad Canttonmen,9205
785,Khulna ,Khulna,Khulna Sadar,Sonali Jute Mills,9206
786,Khulna ,Khulna,Khulna Sadar,Atra Shilpa Area,9207
787,Khulna ,Khulna,Khulna Sadar,Khulna University,9208
788,Khulna ,Khulna,Madinabad,Madinabad,9290
789,Khulna ,Khulna,Madinabad,Amadee,9291
790,Khulna ,Khulna,Paikgachha,Paikgachha,9280
791,Khulna ,Khulna,Paikgachha,Godaipur,9281
792,Khulna ,Khulna,Paikgachha,Kapilmoni,9282
793,Khulna ,Khulna,Paikgachha,Katipara,9283
794,Khulna ,Khulna,Paikgachha,Chandkhali,9284
795,Khulna ,Khulna,Paikgachha,Garaikhali,9285
796,Khulna ,Khulna,Phultala,Phultala,9210
797,Khulna ,Khulna,Sajiara,Sajiara,9250
798,Khulna ,Khulna,Sajiara,Ghonabanda,9251
799,Khulna ,Khulna,Sajiara,Chuknagar,9252
800,Khulna ,Khulna,Sajiara,Shahapur,9253
801,Khulna ,Khulna,Terakhada,Terakhada,9230
802,Khulna ,Khulna,Terakhada,Pak Barasat,9231
803,Khulna ,IBH WAs Here,Bagerhat Sadar,Bagerhat Sadar,9300
804,Khulna ,IBH WAs Here,Bagerhat Sadar,P.C College,9301
805,Khulna ,IBH WAs Here,Bagerhat Sadar,Rangdia,9302
806,Khulna ,IBH WAs Here,Chalna Ankorage,Chalna Ankorage,9350
807,Khulna ,IBH WAs Here,Chalna Ankorage,Mongla Port,9351
808,Khulna ,IBH WAs Here,Chitalmari,Chitalmari,9360
809,Khulna ,IBH WAs Here,Chitalmari,Barabaria,9361
810,Khulna ,IBH WAs Here,Fakirhat,Fakirhat,9370
811,Khulna ,IBH WAs Here,Fakirhat,Mansa,9371
812,Khulna ,IBH WAs Here,Fakirhat,Bhanganpar Bazar,9372
813,Khulna ,IBH WAs Here,Kachua UPO,Kachua,9310
814,Khulna ,IBH WAs Here,Kachua UPO,Sonarkola,9311
815,Khulna ,IBH WAs Here,Mollahat,Mollahat,9380
816,Khulna ,IBH WAs Here,Mollahat,Kahalpur,9381
817,Khulna ,IBH WAs Here,Mollahat,Dariala,9382
818,Khulna ,IBH WAs Here,Mollahat,Charkulia,9383
819,Khulna ,IBH WAs Here,Mollahat,Nagarkandi,9384
820,Khulna ,IBH WAs Here,Mollahat,Pak Gangni,9385
821,Khulna ,IBH WAs Here,Morelganj,Morelganj,9320
822,Khulna ,IBH WAs Here,Morelganj,Sannasi Bazar,9321
823,Khulna ,IBH WAs Here,Morelganj,Telisatee,9322
824,Khulna ,IBH WAs Here,Rampal,Rampal,9340
825,Khulna ,IBH WAs Here,Rampal,Foylahat,9341
826,Khulna ,IBH WAs Here,Rampal,Sonatunia,9342
827,Khulna ,IBH WAs Here,Rampal,Gourambha,9343
828,Khulna ,IBH WAs Here,Rayenda,Rayenda,9330
829,Khulna ,Satkhira,Ashashuni,Ashashuni,9460
830,Khulna ,Satkhira,Ashashuni,Baradal,9461
831,Khulna ,Satkhira,Debbhata,Debbhata,9430
832,Khulna ,Satkhira,Debbhata,Gurugram,9431
833,Khulna ,Satkhira,kalaroa,kalaroa,9410
834,Khulna ,Satkhira,kalaroa,Murarikati,9411
835,Khulna ,Satkhira,kalaroa,Jhaudanga,9412
836,Khulna ,Satkhira,kalaroa,Hamidpur,9413
837,Khulna ,Satkhira,kalaroa,Khordo,9414
838,Khulna ,Satkhira,kalaroa,Chandanpur,9415
839,Khulna ,Satkhira,Kaliganj UPO,Kaliganj UPO,9440
840,Khulna ,Satkhira,Kaliganj UPO,Nalta Mubaroknagar,9441
841,Khulna ,Satkhira,Kaliganj UPO,Ratanpur,9442
842,Khulna ,Satkhira,Nakipur,Nakipur,9450
843,Khulna ,Satkhira,Nakipur,Noornagar,9451
844,Khulna ,Satkhira,Nakipur,Naobeki,9452
845,Khulna ,Satkhira,Nakipur,Buri Goalini,9453
846,Khulna ,Satkhira,Nakipur,Gabura,9454
847,Khulna ,Satkhira,Nakipur,Habinagar,9455
848,Khulna ,Satkhira,Satkhira Sadar,Satkhira Sadar,9400
849,Khulna ,Satkhira,Satkhira Sadar,Satkhira Islamia Acc,9401
850,Khulna ,Satkhira,Satkhira Sadar,Gunakar kati,9402
851,Khulna ,Satkhira,Satkhira Sadar,Budhhat,9403
852,Khulna ,Satkhira,Taala,Taala,9420
853,Khulna ,Satkhira,Taala,Patkelghata,9421
854,Sylhet ,Sunamganj,Bishamsarpur,Bishamsapur,3010
855,Sylhet ,Sunamganj,Chhatak,Chhatak,3080
856,Sylhet ,Sunamganj,Chhatak,Chhatak Cement Facto,3081
857,Sylhet ,Sunamganj,Chhatak,Chhatak Paper Mills,3082
858,Sylhet ,Sunamganj,Chhatak,Gabindaganj,3083
859,Sylhet ,Sunamganj,Chhatak,Gabindaganj Natun Ba,3084
860,Sylhet ,Sunamganj,Chhatak,Khurma,3085
861,Sylhet ,Sunamganj,Chhatak,Moinpur,3086
862,Sylhet ,Sunamganj,Chhatak,jahidpur,3087
863,Sylhet ,Sunamganj,Chhatak,Islamabad,3088
864,Sylhet ,Sunamganj,Chhatak,Chourangi Bazar,3893
865,Sylhet ,Sunamganj,Dhirai Chandpur,Dhirai Chandpur,3040
866,Sylhet ,Sunamganj,Dhirai Chandpur,Jagdal,3041
867,Sylhet ,Sunamganj,Duara bazar,Duara bazar,3070
868,Sylhet ,Sunamganj,Ghungiar,Ghungiar,3050
869,Sylhet ,Sunamganj,Jagnnathpur,Jagnnathpur,3060
870,Sylhet ,Sunamganj,Jagnnathpur,Syedpur,3061
871,Sylhet ,Sunamganj,Jagnnathpur,Atuajan,3062
872,Sylhet ,Sunamganj,Jagnnathpur,Hasan Fatemapur,3063
873,Sylhet ,Sunamganj,Jagnnathpur,Rasulganj,3064
874,Sylhet ,Sunamganj,Jagnnathpur,Shiramsi,3065
875,Sylhet ,Sunamganj,Sachna,Sachna,3020
876,Sylhet ,Sunamganj,Sunamganj Sadar,Sunamganj Sadar,3000
877,Sylhet ,Sunamganj,Sunamganj Sadar,Pagla,3001
878,Sylhet ,Sunamganj,Sunamganj Sadar,Patharia,3002
879,Sylhet ,Sunamganj,Tahirpur,Tahirpur,3030
880,Sylhet ,Sylhet,Balaganj,Balaganj,3120
881,Sylhet ,Sylhet,Balaganj,Karua,3121
882,Sylhet ,Sylhet,Balaganj,Brahman Shashon,3122
883,Sylhet ,Sylhet,Balaganj,Tajpur,3123
884,Sylhet ,Sylhet,Balaganj,Goala Bazar,3124
885,Sylhet ,Sylhet,Balaganj,Begumpur,3125
886,Sylhet ,Sylhet,Balaganj,Omarpur,3126
887,Sylhet ,Sylhet,Balaganj,Kathal Khair,3127
888,Sylhet ,Sylhet,Balaganj,Gaharpur,3128
889,Sylhet ,Sylhet,Balaganj,Natun Bazar,3129
890,Sylhet ,Sylhet,Bianibazar,Bianibazar,3170
891,Sylhet ,Sylhet,Bianibazar,jaldup,3171
892,Sylhet ,Sylhet,Bianibazar,Mathiura,3172
893,Sylhet ,Sylhet,Bianibazar,Kurar bazar,3173
894,Sylhet ,Sylhet,Bianibazar,Salia bazar,3174
895,Sylhet ,Sylhet,Bianibazar,Churkai,3175
896,Sylhet ,Sylhet,Bishwanath,Bishwanath,3130
897,Sylhet ,Sylhet,Bishwanath,Dashghar,3131
898,Sylhet ,Sylhet,Bishwanath,Doulathpur,3132
899,Sylhet ,Sylhet,Bishwanath,Deokalas,3133
900,Sylhet ,Sylhet,Bishwanath,Singer kanch,3134
901,Sylhet ,Sylhet,Fenchuganj,Fenchuganj,3116
902,Sylhet ,Sylhet,Fenchuganj,Fenchuganj SareKarkh,3117
903,Sylhet ,Sylhet,Goainhat,Goainhat,3150
904,Sylhet ,Sylhet,Goainhat,Jaflong,3151
905,Sylhet ,Sylhet,Goainhat,Chiknagul,3152
906,Sylhet ,Sylhet,Gopalganj,Gopalgannj,3160
907,Sylhet ,Sylhet,Gopalganj,Dhaka Dakkhin,3161
908,Sylhet ,Sylhet,Gopalganj,Dakkhin Bhadashore,3162
909,Sylhet ,Sylhet,Gopalganj,Ranaping,3163
910,Sylhet ,Sylhet,Gopalganj,banigram,3164
911,Sylhet ,Sylhet,Gopalganj,Chandanpur,3165
912,Sylhet ,Sylhet,Jaintapur,Jainthapur,3156
913,Sylhet ,Sylhet,Jakiganj,Jakiganj,3190
914,Sylhet ,Sylhet,Jakiganj,Ichhamati,3191
915,Sylhet ,Sylhet,Kanaighat,Kanaighat,3180
916,Sylhet ,Sylhet,Kanaighat,Chatulbazar,3181
917,Sylhet ,Sylhet,Kanaighat,Manikganj,3182
918,Sylhet ,Sylhet,Kanaighat,Gachbari,3183
919,Sylhet ,Sylhet,Kompanyganj,Kompanyganj,3140
920,Sylhet ,Sylhet,Sylhet Sadar,Sylhe Sadar,3100
921,Sylhet ,Sylhet,Sylhet Sadar,Sylhet Cadet Col,3101
922,Sylhet ,Sylhet,Sylhet Sadar,Sylhet Biman Bondar,3102
923,Sylhet ,Sylhet,Sylhet Sadar,Khadimnagar,3103
924,Sylhet ,Sylhet,Sylhet Sadar,Jalalabad Cantoment,3104
925,Sylhet ,Sylhet,Sylhet Sadar,Silam,3105
926,Sylhet ,Sylhet,Sylhet Sadar,Birahimpur,3106
927,Sylhet ,Sylhet,Sylhet Sadar,Jalalabad,3107
928,Sylhet ,Sylhet,Sylhet Sadar,Mogla,3108
929,Sylhet ,Sylhet,Sylhet Sadar,Ranga Hajiganj,3109
930,Sylhet ,Sylhet,Sylhet Sadar,Kadamtali,3111
931,Sylhet ,Sylhet,Sylhet Sadar,Kamalbazer,3112
932,Sylhet ,Sylhet,Sylhet Sadar,Lalbazar,3113
933,Sylhet ,Sylhet,Sylhet Sadar,Shahajalal Science &,3114
934,Sylhet ,Moulvibazar,Baralekha,Baralekha,3250
935,Sylhet ,Moulvibazar,Baralekha,Juri,3251
936,Sylhet ,Moulvibazar,Baralekha,Dhakkhinbag,3252
937,Sylhet ,Moulvibazar,Baralekha,Purbashahabajpur,3253
938,Sylhet ,Moulvibazar,Kamalganj,Kamalganj,3220
939,Sylhet ,Moulvibazar,Kamalganj,Keramatnaga,3221
940,Sylhet ,Moulvibazar,Kamalganj,Patrakhola,3222
941,Sylhet ,Moulvibazar,Kamalganj,Shamsher Nagar,3223
942,Sylhet ,Moulvibazar,Kamalganj,Munshibazar,3224
943,Sylhet ,Moulvibazar,Kulaura,Kulaura,3230
944,Sylhet ,Moulvibazar,Kulaura,Tillagaon,3231
945,Sylhet ,Moulvibazar,Kulaura,Langla,3232
946,Sylhet ,Moulvibazar,Kulaura,Prithimpasha,3233
947,Sylhet ,Moulvibazar,Kulaura,Kajaldhara,3234
948,Sylhet ,Moulvibazar,Kulaura,Karimpur,3235
949,Sylhet ,Moulvibazar,Kulaura,Baramchal,3237
950,Sylhet ,Moulvibazar,Moulvibazar Sadar,Moulvibazar Sadar,3200
951,Sylhet ,Moulvibazar,Moulvibazar Sadar,Barakapan,3201
952,Sylhet ,Moulvibazar,Moulvibazar Sadar,Monumukh,3202
953,Sylhet ,Moulvibazar,Moulvibazar Sadar,Afrozganj,3203
954,Sylhet ,Moulvibazar,Rajnagar,Rajnagar,3240
955,Sylhet ,Moulvibazar,Srimangal,Srimangal,3210
956,Sylhet ,Moulvibazar,Srimangal,Narain Chora,3211
957,Sylhet ,Moulvibazar,Srimangal,Kalighat,3212
958,Sylhet ,Moulvibazar,Srimangal,Khejurichhara,3213
959,Sylhet ,Moulvibazar,Srimangal,Satgaon,3214
960,Sylhet ,Hobiganj,Azmireeganj,Azmireeganj,3360
961,Sylhet ,Hobiganj,Bahubal,Bahubal,3310
962,Sylhet ,Hobiganj,Baniachang,Baniachang,3350
963,Sylhet ,Hobiganj,Baniachang,Jatrapasha,3351
964,Sylhet ,Hobiganj,Baniachang,Kadirganj,3352
965,Sylhet ,Hobiganj,Chunarughat,Chunarughat,3320
966,Sylhet ,Hobiganj,Chunarughat,Chandpurbagan,3321
967,Sylhet ,Hobiganj,Chunarughat,Narapati,3322
968,Sylhet ,Hobiganj,Hobiganj Sadar,Hobiganj Sadar,3300
969,Sylhet ,Hobiganj,Hobiganj Sadar,Shaestaganj,3301
970,Sylhet ,Hobiganj,Hobiganj Sadar,Gopaya,3302
971,Sylhet ,Hobiganj,Kalauk,Kalauk,3340
972,Sylhet ,Hobiganj,Kalauk,Lakhai,3341
973,Sylhet ,Hobiganj,Madhabpur,Madhabpur,3330
974,Sylhet ,Hobiganj,Madhabpur,Itakhola,3331
975,Sylhet ,Hobiganj,Madhabpur,Shahajibazar,3332
976,Sylhet ,Hobiganj,Madhabpur,Saihamnagar,3333
977,Sylhet ,Hobiganj,Nabiganj,Nabiganj,3370
978,Sylhet ,Hobiganj,Nabiganj,Goplarbazar,3371
979,Sylhet ,Hobiganj,Nabiganj,Golduba,3372
980,Sylhet ,Hobiganj,Nabiganj,Digalbak,3373
981,Sylhet ,Hobiganj,Nabiganj,Inathganj,3374
982,Barisal ,Barishal,Agailzhara,Agailzhara,8240
983,Barisal ,Barishal,Agailzhara,Gaila,8241
984,Barisal ,Barishal,Agailzhara,Paisarhat,8242
985,Barisal ,Barishal,Babuganj,Babuganj,8210
986,Barisal ,Barishal,Babuganj,Rahamatpur,8211
987,Barisal ,Barishal,Babuganj,Chandpasha,8212
988,Barisal ,Barishal,Babuganj,Madhabpasha,8213
989,Barisal ,Barishal,Babuganj,Thakur Mallik,8214
990,Barisal ,Barishal,Babuganj,Nizamuddin College,8215
991,Barisal ,Barishal,Babuganj,Barishal Cadet,8216
992,Barisal ,Barishal,Barajalia,Barajalia,8260
993,Barisal ,Barishal,Barajalia,Osman Manjil,8261
994,Barisal ,Barishal,Barishal Sadar,Barishal Sadar,8200
995,Barisal ,Barishal,Barishal Sadar,Bukhainagar,8201
996,Barisal ,Barishal,Barishal Sadar,Saheberhat,8202
997,Barisal ,Barishal,Barishal Sadar,Sugandia,8203
998,Barisal ,Barishal,Barishal Sadar,Patang,8204
999,Barisal ,Barishal,Barishal Sadar,Kashipur,8205
1000,Barisal ,Barishal,Barishal Sadar,Jaguarhat,8206
1001,Barisal ,Barishal,Gouranadi,Gouranadi,8230
1002,Barisal ,Barishal,Gouranadi,Tarki Bandar,8231
1003,Barisal ,Barishal,Gouranadi,Kashemabad,8232
1004,Barisal ,Barishal,Gouranadi,Batajor,8233
1005,Barisal ,Barishal,Mahendiganj,Mahendiganj,8270
1006,Barisal ,Barishal,Mahendiganj,Laskarpur,8271
1007,Barisal ,Barishal,Mahendiganj,Ulania,8272
1008,Barisal ,Barishal,Mahendiganj,Nalgora,8273
1009,Barisal ,Barishal,Mahendiganj,Langutia,8274
1010,Barisal ,Barishal,Muladi,Muladi,8250
1011,Barisal ,Barishal,Muladi,Kazirchar,8251
1012,Barisal ,Barishal,Muladi,Charkalekhan,8252
1013,Barisal ,Barishal,Sahebganj,Sahebganj,8280
1014,Barisal ,Barishal,Sahebganj,Charamandi,8281
1015,Barisal ,Barishal,Sahebganj,Padri Shibpur,8282
1016,Barisal ,Barishal,Sahebganj,Shialguni,8283
1017,Barisal ,Barishal,Sahebganj,kalaskati,8284
1018,Barisal ,Barishal,Uzirpur,Uzirpur,8220
1019,Barisal ,Barishal,Uzirpur,Dhamura,8221
1020,Barisal ,Barishal,Uzirpur,Jugirkanda,8222
1021,Barisal ,Barishal,Uzirpur,Dakuarhat,8223
1022,Barisal ,Barishal,Uzirpur,Shikarpur,8224
1023,Barisal ,Bhola,Bhola Sadar,Bhola Sadar,8300
1024,Barisal ,Bhola,Bhola Sadar,Joynagar,8301
1025,Barisal ,Bhola,Borhanuddin UPO,Borhanuddin UPO,8320
1026,Barisal ,Bhola,Borhanuddin UPO,Mirzakalu,8321
1027,Barisal ,Bhola,Charfashion,Charfashion,8340
1028,Barisal ,Bhola,Charfashion,Dularhat,8341
1029,Barisal ,Bhola,Charfashion,Keramatganj,8342
1030,Barisal ,Bhola,Doulatkhan,Doulatkhan,8310
1031,Barisal ,Bhola,Doulatkhan,Hajipur,8311
1032,Barisal ,Bhola,Hajirhat,Hajirhat,8360
1033,Barisal ,Bhola,Hatshoshiganj,Hatshoshiganj,8350
1034,Barisal ,Bhola,Lalmohan UPO,Lalmohan UPO,8330
1035,Barisal ,Bhola,Lalmohan UPO,Daurihat,8331
1036,Barisal ,Bhola,Lalmohan UPO,Gazaria,8332
1037,Barisal ,Jhalokathi,Jhalokathi Sadar,Jhalokathi Sadar,8400
1038,Barisal ,Jhalokathi,Jhalokathi Sadar,Nabagram,8401
1039,Barisal ,Jhalokathi,Jhalokathi Sadar,Baukathi,8402
1040,Barisal ,Jhalokathi,Jhalokathi Sadar,Gabha,8403
1041,Barisal ,Jhalokathi,Jhalokathi Sadar,Shekherhat,8404
1042,Barisal ,Jhalokathi,Kathalia,Kathalia,8430
1043,Barisal ,Jhalokathi,Kathalia,Amua,8431
1044,Barisal ,Jhalokathi,Kathalia,Niamatee,8432
1045,Barisal ,Jhalokathi,Kathalia,Shoulajalia,8433
1046,Barisal ,Jhalokathi,Nalchhiti,Nalchhiti,8420
1047,Barisal ,Jhalokathi,Nalchhiti,Beerkathi,8421
1048,Barisal ,Jhalokathi,Rajapur,Rajapur,8410
1049,Barisal ,Pirojpur,Banaripara,Banaripara,8530
1050,Barisal ,Pirojpur,Banaripara,Chakhar,8531
1051,Barisal ,Pirojpur,Bhandaria,Bhandaria,8550
1052,Barisal ,Pirojpur,Bhandaria,Kanudashkathi,8551
1053,Barisal ,Pirojpur,Bhandaria,Dhaoa,8552
1054,Barisal ,Pirojpur,kaukhali,Kaukhali,8510
1055,Barisal ,Pirojpur,kaukhali,Keundia,8511
1056,Barisal ,Pirojpur,kaukhali,Joykul,8512
1057,Barisal ,Pirojpur,kaukhali,Jolagati,8513
1058,Barisal ,Pirojpur,Mathbaria,Mathbaria,8560
1059,Barisal ,Pirojpur,Mathbaria,Tushkhali,8561
1060,Barisal ,Pirojpur,Mathbaria,Halta,8562
1061,Barisal ,Pirojpur,Mathbaria,Gulishakhali,8563
1062,Barisal ,Pirojpur,Mathbaria,Tiarkhali,8564
1063,Barisal ,Pirojpur,Mathbaria,Betmor Natun Hat,8565
1064,Barisal ,Pirojpur,Mathbaria,Shilarganj,8566
1065,Barisal ,Pirojpur,Nazirpur,Nazirpur,8540
1066,Barisal ,Pirojpur,Nazirpur,Sriramkathi,8541
1067,Barisal ,Pirojpur,Pirojpur Sadar,Pirojpur Sadar,8500
1068,Barisal ,Pirojpur,Pirojpur Sadar,Hularhat,8501
1069,Barisal ,Pirojpur,Pirojpur Sadar,Parerhat,8502
1070,Barisal ,Pirojpur,Swarupkathi,Swarupkathi,8520
1071,Barisal ,Pirojpur,Swarupkathi,Darus Sunnat,8521
1072,Barisal ,Pirojpur,Swarupkathi,Kaurikhara,8522
1073,Barisal ,Pirojpur,Swarupkathi,Jalabari,8523
1074,Barisal ,Patuakhali,Bauphal,Bauphal,8620
1075,Barisal ,Patuakhali,Bauphal,Bagabandar,8621
1076,Barisal ,Patuakhali,Bauphal,Birpasha,8622
1077,Barisal ,Patuakhali,Bauphal,Kalishari,8623
1078,Barisal ,Patuakhali,Bauphal,Kalaia,8624
1079,Barisal ,Patuakhali,Dashmina,Dashmina,8630
1080,Barisal ,Patuakhali,Galachipa,Galachipa,8640
1081,Barisal ,Patuakhali,Galachipa,Gazipur Bandar,8641
1082,Barisal ,Patuakhali,Khepupara,Khepupara,8650
1083,Barisal ,Patuakhali,Khepupara,Mahipur,8651
1084,Barisal ,Patuakhali,Patuakhali Sadar,Patuakhali Sadar,8600
1085,Barisal ,Patuakhali,Patuakhali Sadar,Moukaran,8601
1086,Barisal ,Patuakhali,Patuakhali Sadar,Dumkee,8602
1087,Barisal ,Patuakhali,Patuakhali Sadar,Rahimabad,8603
1088,Barisal ,Patuakhali,Subidkhali,Subidkhali,8610
1089,Barisal ,Barguna,Amtali,Amtali,8710
1090,Barisal ,Barguna,Bamna,Bamna,8730
1091,Barisal ,Barguna,Barguna Sadar,Barguna Sadar,8700
1092,Barisal ,Barguna,Barguna Sadar,Nali Bandar,8701
1093,Barisal ,Barguna,Betagi,Betagi,8740
1094,Barisal ,Barguna,Betagi,Darul Ulam,8741
1095,Barisal ,Barguna,Patharghata,Patharghata,8720
1096,Barisal ,Barguna,Patharghata,Kakchira,8721
1097,Rajshahi ,Panchagarh,Boda,Boda,5010
1098,Rajshahi ,Panchagarh,Chotto Dab,Chotto Dab,5040
1099,Rajshahi ,Panchagarh,Chotto Dab,Mirjapur,5041
1100,Rajshahi ,Panchagarh,Dabiganj,Dabiganj,5020
1101,Rajshahi ,Panchagarh,Panchagra Sadar,Panchagar Sadar,5000
1102,Rajshahi ,Panchagarh,Tetulia,Tetulia,5030
1103,Rajshahi ,Thakurgaon,Baliadangi,Baliadangi,5140
1104,Rajshahi ,Thakurgaon,Baliadangi,Lahiri,5141
1105,Rajshahi ,Thakurgaon,Jibanpur,Jibanpur,5130
1106,Rajshahi ,Thakurgaon,Pirganj,Pirganj,5110
1107,Rajshahi ,Thakurgaon,Pirganj,Pirganj,5470
1108,Rajshahi ,Thakurgaon,Rani Sankail,Rani Sankail,5120
1109,Rajshahi ,Thakurgaon,Rani Sankail,Nekmarad,5121
1110,Rajshahi ,Thakurgaon,Thakurgaon Sadar,Thakurgaon Sadar,5100
1111,Rajshahi ,Thakurgaon,Thakurgaon Sadar,Thakurgaon Road,5101
1112,Rajshahi ,Thakurgaon,Thakurgaon Sadar,Shibganj,5102
1113,Rajshahi ,Thakurgaon,Thakurgaon Sadar,Ruhia,5103
1114,Rajshahi ,Dinajpur,Bangla Hili,Bangla Hili,5270
1115,Rajshahi ,Dinajpur,Biral,Biral,5210
1116,Rajshahi ,Dinajpur,Birampur,Birampur,5266
1117,Rajshahi ,Dinajpur,Birganj,Birganj,5220
1118,Rajshahi ,Dinajpur,Chrirbandar,Chrirbandar,5240
1119,Rajshahi ,Dinajpur,Chrirbandar,Ranirbandar,5241
1120,Rajshahi ,Dinajpur,Dinajpur Sadar,Dinajpur Sadar,5200
1121,Rajshahi ,Dinajpur,Dinajpur Sadar,Dinajpur Rajbari,5201
1122,Rajshahi ,Dinajpur,Khansama,Khansama,5230
1123,Rajshahi ,Dinajpur,Khansama,Pakarhat,5231
1124,Rajshahi ,Dinajpur,Maharajganj,Maharajganj,5226
1125,Rajshahi ,Dinajpur,Nababganj,Nababganj,5280
1126,Rajshahi ,Dinajpur,Nababganj,Daudpur,5281
1127,Rajshahi ,Dinajpur,Nababganj,Gopalpur,5282
1128,Rajshahi ,Dinajpur,Osmanpur,Osmanpur,5290
1129,Rajshahi ,Dinajpur,Osmanpur,Ghoraghat,5291
1130,Rajshahi ,Dinajpur,Parbatipur,Parbatipur,5250
1131,Rajshahi ,Dinajpur,Phulbari,Phulbari,5260
1132,Rajshahi ,Dinajpur,Setabganj,Setabganj,5216
1133,Rajshahi ,Nilphamari,Dimla,Dimla,5350
1134,Rajshahi ,Nilphamari,Dimla,Ghaga Kharibari,5351
1135,Rajshahi ,Nilphamari,Domar,Domar,5340
1136,Rajshahi ,Nilphamari,Domar,Chilahati,5341
1137,Rajshahi ,Nilphamari,Jaldhaka,Jaldhaka,5330
1138,Rajshahi ,Nilphamari,Kishoriganj,Kishoriganj,5320
1139,Rajshahi ,Nilphamari,Nilphamari Sadar,Nilphamari Sadar,5300
1140,Rajshahi ,Nilphamari,Nilphamari Sadar,Nilphamari Sugar Mil,5301
1141,Rajshahi ,Nilphamari,Syedpur,Syedpur,5310
1142,Rajshahi ,Nilphamari,Syedpur,Syedpur Upashahar,5311
1143,Rajshahi ,Rangpur,Badarganj,Badarganj,5430
1144,Rajshahi ,Rangpur,Badarganj,Shyampur,5431
1145,Rajshahi ,Rangpur,Gangachara,Gangachara,5410
1146,Rajshahi ,Rangpur,Kaunia,Kaunia,5440
1147,Rajshahi ,Rangpur,Kaunia,Haragachh,5441
1148,Rajshahi ,Rangpur,Mithapukur,Mithapukur,5460
1149,Rajshahi ,Rangpur,Pirgachha,Pirgachha,5450
1150,Rajshahi ,Rangpur,Rangpur Sadar,Rangpur Sadar,5400
1151,Rajshahi ,Rangpur,Rangpur Sadar,Rangpur Upa-Shahar,5401
1152,Rajshahi ,Rangpur,Rangpur Sadar,Alamnagar,5402
1153,Rajshahi ,Rangpur,Rangpur Sadar,Mahiganj,5403
1154,Rajshahi ,Rangpur,Rangpur Sadar,Rangpur Cadet Colleg,5404
1155,Rajshahi ,Rangpur,Rangpur Sadar,Rangpur Carmiecal Col,5405
1156,Rajshahi ,Rangpur,Taraganj,Taraganj,5420
1157,Rajshahi ,Lalmonirhat,Aditmari,Aditmari,5510
1158,Rajshahi ,Lalmonirhat,Hatibandha,Hatibandha,5530
1159,Rajshahi ,Lalmonirhat,Lalmonirhat Sadar,Lalmonirhat Sadar,5500
1160,Rajshahi ,Lalmonirhat,Lalmonirhat Sadar,Moghalhat,5501
1161,Rajshahi ,Lalmonirhat,Lalmonirhat Sadar,Kulaghat SO,5502
1162,Rajshahi ,Lalmonirhat,Patgram,Patgram,5540
1163,Rajshahi ,Lalmonirhat,Patgram,Baura,5541
1164,Rajshahi ,Lalmonirhat,Patgram,Burimari,5542
1165,Rajshahi ,Lalmonirhat,Tushbhandar,Tushbhandar,5520
1166,Rajshahi ,Kurigram,Bhurungamari,Bhurungamari,5670
1167,Rajshahi ,Kurigram,Chilmari,Chilmari,5630
1168,Rajshahi ,Kurigram,Chilmari,Jorgachh,5631
1169,Rajshahi ,Kurigram,Kurigram Sadar,Kurigram Sadar,5600
1170,Rajshahi ,Kurigram,Kurigram Sadar,Pandul,5601
1171,Rajshahi ,Kurigram,Kurigram Sadar,Phulbari,5680
1172,Rajshahi ,Kurigram,Nageshwar,Nageshwar,5660
1173,Rajshahi ,Kurigram,Rajarhat,Rajarhat,5610
1174,Rajshahi ,Kurigram,Rajarhat,Nazimkhan,5611
1175,Rajshahi ,Kurigram,Rajibpur,Rajibpur,5650
1176,Rajshahi ,Kurigram,Roumari,Roumari,5640
1177,Rajshahi ,Kurigram,Ulipur,Ulipur,5620
1178,Rajshahi ,Kurigram,Ulipur,Bazarhat,5621
1179,Rajshahi ,Gaibandha,Bonarpara,Bonarpara,5750
1180,Rajshahi ,Gaibandha,Bonarpara,saghata,5751
1181,Rajshahi ,Gaibandha,Gaibandha Sadar,Gaibandha Sadar,5700
1182,Rajshahi ,Gaibandha,Gobindaganj,Gobindhaganj,5740
1183,Rajshahi ,Gaibandha,Gobindaganj,Mahimaganj,5741
1184,Rajshahi ,Gaibandha,Palashbari,Palashbari,5730
1185,Rajshahi ,Gaibandha,Phulchhari,Phulchhari,5760
1186,Rajshahi ,Gaibandha,Phulchhari,Bharatkhali,5761
1187,Rajshahi ,Gaibandha,Saadullapur,Saadullapur,5710
1188,Rajshahi ,Gaibandha,Saadullapur,Naldanga,5711
1189,Rajshahi ,Gaibandha,Sundarganj,Sundarganj,5720
1190,Rajshahi ,Gaibandha,Sundarganj,Bamandanga,5721
1191,Rajshahi ,Bogra,Alamdighi,Adamdighi,5890
1192,Rajshahi ,Bogra,Alamdighi,Santahar,5891
1193,Rajshahi ,Bogra,Alamdighi,Nasharatpur,5892
1194,Rajshahi ,Bogra,Bogra Sadar,Bogra Sadar,5800
1195,Rajshahi ,Bogra,Bogra Sadar,Bogra Canttonment,5801
1196,Rajshahi ,Bogra,Dhunat,Dhunat,5850
1197,Rajshahi ,Bogra,Dhunat,Gosaibari,5851
1198,Rajshahi ,Bogra,Dupchachia,Dupchachia,5880
1199,Rajshahi ,Bogra,Dupchachia,Talora,5881
1200,Rajshahi ,Bogra,Gabtoli,Gabtoli,5820
1201,Rajshahi ,Bogra,Gabtoli,Sukhanpukur,5821
1202,Rajshahi ,Bogra,Kahalu,Kahalu,5870
1203,Rajshahi ,Bogra,Nandigram,Nandigram,5860
1204,Rajshahi ,Bogra,Sariakandi,Sariakandi,5830
1205,Rajshahi ,Bogra,Sariakandi,Chandan Baisha,5831
1206,Rajshahi ,Bogra,Sherpur,Sherpur,5840
1207,Rajshahi ,Bogra,Sherpur,Chandaikona,5841
1208,Rajshahi ,Bogra,Sherpur,Palli Unnyan Accadem,5842
1209,Rajshahi ,Bogra,Shibganj,Shibganj,5810
1210,Rajshahi ,Bogra,Sonatola,Sonatola,5826
1211,Rajshahi ,Joypurhat,Akkelpur,Akklepur,5940
1212,Rajshahi ,Joypurhat,Akkelpur,jamalganj,5941
1213,Rajshahi ,Joypurhat,Akkelpur,Tilakpur,5942
1214,Rajshahi ,Joypurhat,Joypurhat Sadar,Joypurhat Sadar,5900
1215,Rajshahi ,Joypurhat,kalai,kalai,5930
1216,Rajshahi ,Joypurhat,Khetlal,Khetlal,5920
1217,Rajshahi ,Joypurhat,panchbibi,Panchbibi,5910
1218,Rajshahi ,Rajshahi,Bagha,Bagha,6280
1219,Rajshahi ,Rajshahi,Bagha,Arani,6281
1220,Rajshahi ,Rajshahi,Bhabaniganj,Bhabaniganj,6250
1221,Rajshahi ,Rajshahi,Bhabaniganj,Taharpur,6251
1222,Rajshahi ,Rajshahi,Charghat,Charghat,6270
1223,Rajshahi ,Rajshahi,Charghat,Sarda,6271
1224,Rajshahi ,Rajshahi,Durgapur,Durgapur,6240
1225,Rajshahi ,Rajshahi,Godagari,Godagari,6290
1226,Rajshahi ,Rajshahi,Godagari,Premtoli,6291
1227,Rajshahi ,Rajshahi,Khod Mohanpur,Khodmohanpur,6220
1228,Rajshahi ,Rajshahi,Lalitganj,Lalitganj,6210
1229,Rajshahi ,Rajshahi,Lalitganj,Rajshahi Sugar Mills,6211
1230,Rajshahi ,Rajshahi,Lalitganj,Shyampur,6212
1231,Rajshahi ,Rajshahi,Putia,Putia,6260
1232,Rajshahi ,Rajshahi,Rajshahi Sadar,Rajshahi Sadar,6000
1233,Rajshahi ,Rajshahi,Rajshahi Sadar,Ghuramara,6100
1234,Rajshahi ,Rajshahi,Rajshahi Sadar,Rajshahi Court,6201
1235,Rajshahi ,Rajshahi,Rajshahi Sadar,Rajshahi Canttonment,6202
1236,Rajshahi ,Rajshahi,Rajshahi Sadar,Sapura,6203
1237,Rajshahi ,Rajshahi,Rajshahi Sadar,Kazla,6204
1238,Rajshahi ,Rajshahi,Rajshahi Sadar,Rajshahi University,6205
1239,Rajshahi ,Rajshahi,Rajshahi Sadar,Binodpur Bazar,6206
1240,Rajshahi ,Rajshahi,Tanor,Tanor,6230
1241,Rajshahi ,Chapinawabganj,Bholahat,Bholahat,6330
1242,Rajshahi ,Chapinawabganj,Chapinawabganj Sadar,Chapinawbganj Sadar,6300
1243,Rajshahi ,Chapinawabganj,Chapinawabganj Sadar,Rajarampur,6301
1244,Rajshahi ,Chapinawabganj,Chapinawabganj Sadar,Ramchandrapur,6302
1245,Rajshahi ,Chapinawabganj,Chapinawabganj Sadar,Amnura,6303
1246,Rajshahi ,Chapinawabganj,Nachol,Nachol,6310
1247,Rajshahi ,Chapinawabganj,Nachol,Mandumala,6311
1248,Rajshahi ,Chapinawabganj,Rohanpur,Rohanpur,6320
1249,Rajshahi ,Chapinawabganj,Rohanpur,Gomashtapur,6321
1250,Rajshahi ,Chapinawabganj,Shibganj U.P.O,Shibganj U.P.O,6340
1251,Rajshahi ,Chapinawabganj,Shibganj U.P.O,Kansart,6341
1252,Rajshahi ,Chapinawabganj,Shibganj U.P.O,Manaksha,6342
1253,Rajshahi ,Natore,Gopalpur UPO,Gopalpur U.P.O,6420
1254,Rajshahi ,Natore,Gopalpur UPO,Lalpur S.O,6421
1255,Rajshahi ,Natore,Gopalpur UPO,Abdulpur,6422
1256,Rajshahi ,Natore,Harua,Harua,6430
1257,Rajshahi ,Natore,Harua,Dayarampur,6431
1258,Rajshahi ,Natore,Harua,Baraigram,6432
1259,Rajshahi ,Natore,Hatgurudaspur,Hatgurudaspur,6440
1260,Rajshahi ,Natore,Laxman,Laxman,6410
1261,Rajshahi ,Natore,Natore Sadar,Natore Sadar,6400
1262,Rajshahi ,Natore,Natore Sadar,Digapatia,6401
1263,Rajshahi ,Natore,Natore Sadar,Baiddyabal Gharia,6402
1264,Rajshahi ,Natore,Natore Sadar,Madhnagar,6403
1265,Rajshahi ,Natore,Singra,Singra,6450
1266,Rajshahi ,Naogaon,Ahsanganj,Ahsanganj,6596
1267,Rajshahi ,Naogaon,Ahsanganj,Bandai,6597
1268,Rajshahi ,Naogaon,Badalgachhi,Badalgachhi,6570
1269,Rajshahi ,Naogaon,Dhamuirhat,Dhamuirhat,6580
1270,Rajshahi ,Naogaon,Mahadebpur,Mahadebpur,6530
1271,Rajshahi ,Naogaon,Naogaon Sadar,Naogaon Sadar,6500
1272,Rajshahi ,Naogaon,Niamatpur,Niamatpur,6520
1273,Rajshahi ,Naogaon,Nitpur,Nitpur,6550
1274,Rajshahi ,Naogaon,Nitpur,Porsa,6551
1275,Rajshahi ,Naogaon,Nitpur,Panguria,6552
1276,Rajshahi ,Naogaon,Patnitala,Patnitala,6540
1277,Rajshahi ,Naogaon,Prasadpur,Prasadpur,6510
1278,Rajshahi ,Naogaon,Prasadpur,Manda,6511
1279,Rajshahi ,Naogaon,Prasadpur,Balihar,6512
1280,Rajshahi ,Naogaon,Raninagar,Raninagar,6590
1281,Rajshahi ,Naogaon,Raninagar,Kashimpur,6591
1282,Rajshahi ,Naogaon,Sapahar,Sapahar,6560
1283,Rajshahi ,Naogaon,Sapahar,Moduhil,6561
1284,Rajshahi ,Pabna,Banwarinagar,Banwarinagar,6650
1285,Rajshahi ,Pabna,Bera,Bera,6680
1286,Rajshahi ,Pabna,Bera,Nakalia,6681
1287,Rajshahi ,Pabna,Bera,Kashinathpur,6682
1288,Rajshahi ,Pabna,Bera,Puran Bharenga,6683
1289,Rajshahi ,Pabna,Bhangura,Bhangura,6640
1290,Rajshahi ,Pabna,Chatmohar,Chatmohar,6630
1291,Rajshahi ,Pabna,Debottar,Debottar,6610
1292,Rajshahi ,Pabna,Ishwardi,Ishwardi,6620
1293,Rajshahi ,Pabna,Ishwardi,Dhapari,6621
1294,Rajshahi ,Pabna,Ishwardi,Pakshi,6622
1295,Rajshahi ,Pabna,Ishwardi,Rajapur,6623
1296,Rajshahi ,Pabna,Pabna Sadar,Pabna Sadar,6600
1297,Rajshahi ,Pabna,Pabna Sadar,Kaliko Cotton Mills,6601
1298,Rajshahi ,Pabna,Pabna Sadar,Hamayetpur,6602
1299,Rajshahi ,Pabna,Sathia,Sathia,6670
1300,Rajshahi ,Pabna,Sujanagar,Sujanagar,6660
1301,Rajshahi ,Pabna,Sujanagar,Sagarkandi,6661
1302,Rajshahi ,Sirajganj,Baiddya Jam Toil,Baiddya Jam Toil,6730
1303,Rajshahi ,Sirajganj,Belkuchi,Belkuchi,6740
1304,Rajshahi ,Sirajganj,Belkuchi,Sohagpur,6741
1305,Rajshahi ,Sirajganj,Belkuchi,Rajapur,6742
1306,Rajshahi ,Sirajganj,Belkuchi,Enayetpur,6751
1307,Rajshahi ,Sirajganj,Belkuchi,Sthal,6752
1308,Rajshahi ,Sirajganj,Dhangora,Dhangora,6720
1309,Rajshahi ,Sirajganj,Dhangora,Malonga,6721
1310,Rajshahi ,Sirajganj,Kazipur,Kazipur,6710
1311,Rajshahi ,Sirajganj,Kazipur,Shuvgachha,6711
1312,Rajshahi ,Sirajganj,Kazipur,Gandail,6712
1313,Rajshahi ,Sirajganj,Shahjadpur,Shahjadpur,6770
1314,Rajshahi ,Sirajganj,Shahjadpur,Porjana,6771
1315,Rajshahi ,Sirajganj,Shahjadpur,Jamirta,6772
1316,Rajshahi ,Sirajganj,Shahjadpur,Kaijuri,6773
1317,Rajshahi ,Sirajganj,Sirajganj Sadar,Sirajganj Sadar,6700
1318,Rajshahi ,Sirajganj,Sirajganj Sadar,Raipur,6701
1319,Rajshahi ,Sirajganj,Sirajganj Sadar,Rashidabad,6702
1320,Rajshahi ,Sirajganj,Tarash,Tarash,6780
1321,Rajshahi ,Sirajganj,Ullapara,Ullapara,6760
1322,Rajshahi ,Sirajganj,Ullapara,Ullapara R.S,6761
1323,Rajshahi ,Sirajganj,Ullapara,Lahiri Mohanpur,6762
1324,Rajshahi ,Sirajganj,Ullapara,Salap,6763